"LOCATION","INDICATOR","SUBJECT","MEASURE","FREQUENCY","TIME","Value","Flag Codes"
"AUS","LIFEEXP","MEN","YR","A","1960",67.9,
"AUS","LIFEEXP","MEN","YR","A","1961",68,
"AUS","LIFEEXP","MEN","YR","A","1962",67.8,
"AUS","LIFEEXP","MEN","YR","A","1963",67.9,
"AUS","LIFEEXP","MEN","YR","A","1964",67.5,
"AUS","LIFEEXP","MEN","YR","A","1965",67.7,
"AUS","LIFEEXP","MEN","YR","A","1966",67.6,
"AUS","LIFEEXP","MEN","YR","A","1967",67.8,
"AUS","LIFEEXP","MEN","YR","A","1968",67.5,
"AUS","LIFEEXP","MEN","YR","A","1969",67.5,
"AUS","LIFEEXP","MEN","YR","A","1970",67.4,
"AUS","LIFEEXP","MEN","YR","A","1971",68.3,
"AUS","LIFEEXP","MEN","YR","A","1972",68.6,
"AUS","LIFEEXP","MEN","YR","A","1973",68.6,
"AUS","LIFEEXP","MEN","YR","A","1974",68.4,
"AUS","LIFEEXP","MEN","YR","A","1975",69.2,
"AUS","LIFEEXP","MEN","YR","A","1976",69.3,
"AUS","LIFEEXP","MEN","YR","A","1977",69.9,
"AUS","LIFEEXP","MEN","YR","A","1978",70.2,
"AUS","LIFEEXP","MEN","YR","A","1979",70.8,
"AUS","LIFEEXP","MEN","YR","A","1980",71,
"AUS","LIFEEXP","MEN","YR","A","1981",71.4,
"AUS","LIFEEXP","MEN","YR","A","1982",71.2,
"AUS","LIFEEXP","MEN","YR","A","1983",72.1,
"AUS","LIFEEXP","MEN","YR","A","1984",72.5,
"AUS","LIFEEXP","MEN","YR","A","1985",72.4,
"AUS","LIFEEXP","MEN","YR","A","1986",72.9,
"AUS","LIFEEXP","MEN","YR","A","1987",73.1,
"AUS","LIFEEXP","MEN","YR","A","1988",73.1,
"AUS","LIFEEXP","MEN","YR","A","1989",73.3,
"AUS","LIFEEXP","MEN","YR","A","1990",73.9,
"AUS","LIFEEXP","MEN","YR","A","1991",74.4,
"AUS","LIFEEXP","MEN","YR","A","1992",74.5,
"AUS","LIFEEXP","MEN","YR","A","1993",75,
"AUS","LIFEEXP","MEN","YR","A","1994",75,
"AUS","LIFEEXP","MEN","YR","A","1995",75,
"AUS","LIFEEXP","MEN","YR","A","1996",75.2,
"AUS","LIFEEXP","MEN","YR","A","1997",75.6,
"AUS","LIFEEXP","MEN","YR","A","1998",75.9,
"AUS","LIFEEXP","MEN","YR","A","1999",76.2,
"AUS","LIFEEXP","MEN","YR","A","2000",76.6,
"AUS","LIFEEXP","MEN","YR","A","2001",77,
"AUS","LIFEEXP","MEN","YR","A","2002",77.4,
"AUS","LIFEEXP","MEN","YR","A","2003",77.8,
"AUS","LIFEEXP","MEN","YR","A","2004",78.1,
"AUS","LIFEEXP","MEN","YR","A","2005",78.5,
"AUS","LIFEEXP","MEN","YR","A","2006",78.7,
"AUS","LIFEEXP","MEN","YR","A","2007",79,
"AUS","LIFEEXP","MEN","YR","A","2008",79.2,
"AUS","LIFEEXP","MEN","YR","A","2009",79.3,
"AUS","LIFEEXP","MEN","YR","A","2010",79.5,
"AUS","LIFEEXP","MEN","YR","A","2011",79.7,
"AUS","LIFEEXP","MEN","YR","A","2012",79.9,
"AUS","LIFEEXP","MEN","YR","A","2013",80.1,
"AUS","LIFEEXP","MEN","YR","A","2014",80.3,
"AUS","LIFEEXP","MEN","YR","A","2015",80.4,
"AUS","LIFEEXP","MEN","YR","A","2016",80.4,
"AUS","LIFEEXP","MEN","YR","A","2017",80.5,
"AUT","LIFEEXP","MEN","YR","A","1960",65.4,
"AUT","LIFEEXP","MEN","YR","A","1961",66.5,
"AUT","LIFEEXP","MEN","YR","A","1962",66.3,
"AUT","LIFEEXP","MEN","YR","A","1963",66.4,
"AUT","LIFEEXP","MEN","YR","A","1964",66.8,
"AUT","LIFEEXP","MEN","YR","A","1965",66.6,
"AUT","LIFEEXP","MEN","YR","A","1966",66.9,
"AUT","LIFEEXP","MEN","YR","A","1967",66.6,
"AUT","LIFEEXP","MEN","YR","A","1968",66.8,
"AUT","LIFEEXP","MEN","YR","A","1969",66.5,
"AUT","LIFEEXP","MEN","YR","A","1970",66.5,
"AUT","LIFEEXP","MEN","YR","A","1971",66.7,
"AUT","LIFEEXP","MEN","YR","A","1972",67,
"AUT","LIFEEXP","MEN","YR","A","1973",67.6,
"AUT","LIFEEXP","MEN","YR","A","1974",67.5,
"AUT","LIFEEXP","MEN","YR","A","1975",67.7,
"AUT","LIFEEXP","MEN","YR","A","1976",68.2,
"AUT","LIFEEXP","MEN","YR","A","1977",68.5,
"AUT","LIFEEXP","MEN","YR","A","1978",68.5,
"AUT","LIFEEXP","MEN","YR","A","1979",68.8,
"AUT","LIFEEXP","MEN","YR","A","1980",69,
"AUT","LIFEEXP","MEN","YR","A","1981",69.3,
"AUT","LIFEEXP","MEN","YR","A","1982",69.4,
"AUT","LIFEEXP","MEN","YR","A","1983",69.5,
"AUT","LIFEEXP","MEN","YR","A","1984",70.1,
"AUT","LIFEEXP","MEN","YR","A","1985",70.4,
"AUT","LIFEEXP","MEN","YR","A","1986",71,
"AUT","LIFEEXP","MEN","YR","A","1987",71.5,
"AUT","LIFEEXP","MEN","YR","A","1988",71.9,
"AUT","LIFEEXP","MEN","YR","A","1989",71.9,
"AUT","LIFEEXP","MEN","YR","A","1990",72.3,
"AUT","LIFEEXP","MEN","YR","A","1991",72.3,
"AUT","LIFEEXP","MEN","YR","A","1992",72.5,
"AUT","LIFEEXP","MEN","YR","A","1993",72.8,
"AUT","LIFEEXP","MEN","YR","A","1994",73.2,
"AUT","LIFEEXP","MEN","YR","A","1995",73.4,
"AUT","LIFEEXP","MEN","YR","A","1996",73.7,
"AUT","LIFEEXP","MEN","YR","A","1997",74.1,
"AUT","LIFEEXP","MEN","YR","A","1998",74.5,
"AUT","LIFEEXP","MEN","YR","A","1999",74.9,
"AUT","LIFEEXP","MEN","YR","A","2000",75.2,
"AUT","LIFEEXP","MEN","YR","A","2001",75.6,
"AUT","LIFEEXP","MEN","YR","A","2002",75.8,
"AUT","LIFEEXP","MEN","YR","A","2003",75.9,
"AUT","LIFEEXP","MEN","YR","A","2004",76.4,
"AUT","LIFEEXP","MEN","YR","A","2005",76.6,
"AUT","LIFEEXP","MEN","YR","A","2006",77.1,
"AUT","LIFEEXP","MEN","YR","A","2007",77.4,
"AUT","LIFEEXP","MEN","YR","A","2008",77.7,
"AUT","LIFEEXP","MEN","YR","A","2009",77.6,
"AUT","LIFEEXP","MEN","YR","A","2010",77.8,
"AUT","LIFEEXP","MEN","YR","A","2011",78.3,
"AUT","LIFEEXP","MEN","YR","A","2012",78.4,
"AUT","LIFEEXP","MEN","YR","A","2013",78.6,
"AUT","LIFEEXP","MEN","YR","A","2014",79.1,
"AUT","LIFEEXP","MEN","YR","A","2015",78.8,
"AUT","LIFEEXP","MEN","YR","A","2016",79.3,
"AUT","LIFEEXP","MEN","YR","A","2017",79.4,
"BEL","LIFEEXP","MEN","YR","A","1960",66.8,
"BEL","LIFEEXP","MEN","YR","A","1961",67.6,
"BEL","LIFEEXP","MEN","YR","A","1962",67.4,
"BEL","LIFEEXP","MEN","YR","A","1963",67.1,
"BEL","LIFEEXP","MEN","YR","A","1964",67.8,
"BEL","LIFEEXP","MEN","YR","A","1965",67.6,
"BEL","LIFEEXP","MEN","YR","A","1966",67.8,
"BEL","LIFEEXP","MEN","YR","A","1967",67.9,
"BEL","LIFEEXP","MEN","YR","A","1968",67.6,
"BEL","LIFEEXP","MEN","YR","A","1969",67.6,
"BEL","LIFEEXP","MEN","YR","A","1970",67.9,
"BEL","LIFEEXP","MEN","YR","A","1971",67.9,
"BEL","LIFEEXP","MEN","YR","A","1972",68.2,
"BEL","LIFEEXP","MEN","YR","A","1973",68.4,
"BEL","LIFEEXP","MEN","YR","A","1974",68.8,
"BEL","LIFEEXP","MEN","YR","A","1975",68.8,
"BEL","LIFEEXP","MEN","YR","A","1976",68.9,
"BEL","LIFEEXP","MEN","YR","A","1977",69.5,
"BEL","LIFEEXP","MEN","YR","A","1978",69.4,
"BEL","LIFEEXP","MEN","YR","A","1979",69.9,
"BEL","LIFEEXP","MEN","YR","A","1980",69.9,
"BEL","LIFEEXP","MEN","YR","A","1981",70.3,
"BEL","LIFEEXP","MEN","YR","A","1982",70.6,
"BEL","LIFEEXP","MEN","YR","A","1983",70.6,
"BEL","LIFEEXP","MEN","YR","A","1984",71,
"BEL","LIFEEXP","MEN","YR","A","1985",71.1,
"BEL","LIFEEXP","MEN","YR","A","1986",71.4,
"BEL","LIFEEXP","MEN","YR","A","1987",72,
"BEL","LIFEEXP","MEN","YR","A","1988",72.2,
"BEL","LIFEEXP","MEN","YR","A","1989",72.3,
"BEL","LIFEEXP","MEN","YR","A","1990",72.7,
"BEL","LIFEEXP","MEN","YR","A","1991",72.9,
"BEL","LIFEEXP","MEN","YR","A","1992",73,
"BEL","LIFEEXP","MEN","YR","A","1993",73,
"BEL","LIFEEXP","MEN","YR","A","1994",73.4,
"BEL","LIFEEXP","MEN","YR","A","1995",73.5,
"BEL","LIFEEXP","MEN","YR","A","1996",73.9,
"BEL","LIFEEXP","MEN","YR","A","1997",74.2,
"BEL","LIFEEXP","MEN","YR","A","1998",74.4,
"BEL","LIFEEXP","MEN","YR","A","1999",74.4,
"BEL","LIFEEXP","MEN","YR","A","2000",74.6,
"BEL","LIFEEXP","MEN","YR","A","2001",74.9,
"BEL","LIFEEXP","MEN","YR","A","2002",75.1,
"BEL","LIFEEXP","MEN","YR","A","2003",75.3,
"BEL","LIFEEXP","MEN","YR","A","2004",76,
"BEL","LIFEEXP","MEN","YR","A","2005",76.2,
"BEL","LIFEEXP","MEN","YR","A","2006",76.6,
"BEL","LIFEEXP","MEN","YR","A","2007",77.1,
"BEL","LIFEEXP","MEN","YR","A","2008",76.9,
"BEL","LIFEEXP","MEN","YR","A","2009",77.4,
"BEL","LIFEEXP","MEN","YR","A","2010",77.5,
"BEL","LIFEEXP","MEN","YR","A","2011",78,"B"
"BEL","LIFEEXP","MEN","YR","A","2012",77.8,
"BEL","LIFEEXP","MEN","YR","A","2013",78.1,
"BEL","LIFEEXP","MEN","YR","A","2014",78.8,
"BEL","LIFEEXP","MEN","YR","A","2015",78.7,
"BEL","LIFEEXP","MEN","YR","A","2016",79,
"BEL","LIFEEXP","MEN","YR","A","2017",79.2,
"CAN","LIFEEXP","MEN","YR","A","1961",68.4,
"CAN","LIFEEXP","MEN","YR","A","1966",68.8,
"CAN","LIFEEXP","MEN","YR","A","1971",69.3,
"CAN","LIFEEXP","MEN","YR","A","1976",70.2,
"CAN","LIFEEXP","MEN","YR","A","1979",71.4,
"CAN","LIFEEXP","MEN","YR","A","1980",71.7,
"CAN","LIFEEXP","MEN","YR","A","1981",71.9,
"CAN","LIFEEXP","MEN","YR","A","1982",72,"B"
"CAN","LIFEEXP","MEN","YR","A","1983",72.3,
"CAN","LIFEEXP","MEN","YR","A","1984",72.7,
"CAN","LIFEEXP","MEN","YR","A","1985",72.9,
"CAN","LIFEEXP","MEN","YR","A","1986",73.1,
"CAN","LIFEEXP","MEN","YR","A","1987",73.3,
"CAN","LIFEEXP","MEN","YR","A","1988",73.5,
"CAN","LIFEEXP","MEN","YR","A","1989",73.7,
"CAN","LIFEEXP","MEN","YR","A","1990",73.9,
"CAN","LIFEEXP","MEN","YR","A","1991",74.3,
"CAN","LIFEEXP","MEN","YR","A","1992",74.5,
"CAN","LIFEEXP","MEN","YR","A","1993",74.7,
"CAN","LIFEEXP","MEN","YR","A","1994",74.8,
"CAN","LIFEEXP","MEN","YR","A","1995",74.9,
"CAN","LIFEEXP","MEN","YR","A","1996",75.2,
"CAN","LIFEEXP","MEN","YR","A","1997",75.4,
"CAN","LIFEEXP","MEN","YR","A","1998",75.7,
"CAN","LIFEEXP","MEN","YR","A","1999",76,
"CAN","LIFEEXP","MEN","YR","A","2000",76.3,
"CAN","LIFEEXP","MEN","YR","A","2001",76.6,
"CAN","LIFEEXP","MEN","YR","A","2002",76.9,
"CAN","LIFEEXP","MEN","YR","A","2003",77.1,
"CAN","LIFEEXP","MEN","YR","A","2004",77.4,
"CAN","LIFEEXP","MEN","YR","A","2005",77.6,
"CAN","LIFEEXP","MEN","YR","A","2006",77.9,
"CAN","LIFEEXP","MEN","YR","A","2007",78.1,
"CAN","LIFEEXP","MEN","YR","A","2008",78.3,
"CAN","LIFEEXP","MEN","YR","A","2009",78.5,
"CAN","LIFEEXP","MEN","YR","A","2010",78.8,
"CAN","LIFEEXP","MEN","YR","A","2011",79.1,
"CAN","LIFEEXP","MEN","YR","A","2012",79.4,
"CAN","LIFEEXP","MEN","YR","A","2013",79.6,
"CAN","LIFEEXP","MEN","YR","A","2014",79.7,
"CAN","LIFEEXP","MEN","YR","A","2015",79.8,
"CAN","LIFEEXP","MEN","YR","A","2016",79.9,
"CAN","LIFEEXP","MEN","YR","A","2017",79.9,
"CZE","LIFEEXP","MEN","YR","A","1960",67.8,
"CZE","LIFEEXP","MEN","YR","A","1961",67.7,
"CZE","LIFEEXP","MEN","YR","A","1962",66.9,
"CZE","LIFEEXP","MEN","YR","A","1963",67.3,
"CZE","LIFEEXP","MEN","YR","A","1964",67.5,
"CZE","LIFEEXP","MEN","YR","A","1965",67.2,
"CZE","LIFEEXP","MEN","YR","A","1966",67.3,
"CZE","LIFEEXP","MEN","YR","A","1967",67.1,
"CZE","LIFEEXP","MEN","YR","A","1968",66.6,
"CZE","LIFEEXP","MEN","YR","A","1969",66,
"CZE","LIFEEXP","MEN","YR","A","1970",66.1,
"CZE","LIFEEXP","MEN","YR","A","1971",66.2,
"CZE","LIFEEXP","MEN","YR","A","1972",66.9,
"CZE","LIFEEXP","MEN","YR","A","1973",66.6,
"CZE","LIFEEXP","MEN","YR","A","1974",66.8,
"CZE","LIFEEXP","MEN","YR","A","1975",67,
"CZE","LIFEEXP","MEN","YR","A","1976",67.1,
"CZE","LIFEEXP","MEN","YR","A","1977",67.2,
"CZE","LIFEEXP","MEN","YR","A","1978",67.3,
"CZE","LIFEEXP","MEN","YR","A","1979",67.4,
"CZE","LIFEEXP","MEN","YR","A","1980",66.9,
"CZE","LIFEEXP","MEN","YR","A","1981",67.2,
"CZE","LIFEEXP","MEN","YR","A","1982",67.3,
"CZE","LIFEEXP","MEN","YR","A","1983",67.1,
"CZE","LIFEEXP","MEN","YR","A","1984",67.4,
"CZE","LIFEEXP","MEN","YR","A","1985",67.5,
"CZE","LIFEEXP","MEN","YR","A","1986",67.5,
"CZE","LIFEEXP","MEN","YR","A","1987",67.9,
"CZE","LIFEEXP","MEN","YR","A","1988",68.2,
"CZE","LIFEEXP","MEN","YR","A","1989",68.2,
"CZE","LIFEEXP","MEN","YR","A","1990",67.6,
"CZE","LIFEEXP","MEN","YR","A","1991",68.2,
"CZE","LIFEEXP","MEN","YR","A","1992",68.6,
"CZE","LIFEEXP","MEN","YR","A","1993",69.3,
"CZE","LIFEEXP","MEN","YR","A","1994",69.5,
"CZE","LIFEEXP","MEN","YR","A","1995",69.7,
"CZE","LIFEEXP","MEN","YR","A","1996",70.4,
"CZE","LIFEEXP","MEN","YR","A","1997",70.5,
"CZE","LIFEEXP","MEN","YR","A","1998",71.2,
"CZE","LIFEEXP","MEN","YR","A","1999",71.5,
"CZE","LIFEEXP","MEN","YR","A","2000",71.6,
"CZE","LIFEEXP","MEN","YR","A","2001",72,
"CZE","LIFEEXP","MEN","YR","A","2002",72.1,
"CZE","LIFEEXP","MEN","YR","A","2003",72,
"CZE","LIFEEXP","MEN","YR","A","2004",72.5,
"CZE","LIFEEXP","MEN","YR","A","2005",72.9,
"CZE","LIFEEXP","MEN","YR","A","2006",73.5,
"CZE","LIFEEXP","MEN","YR","A","2007",73.8,
"CZE","LIFEEXP","MEN","YR","A","2008",74.1,
"CZE","LIFEEXP","MEN","YR","A","2009",74.3,
"CZE","LIFEEXP","MEN","YR","A","2010",74.5,
"CZE","LIFEEXP","MEN","YR","A","2011",74.8,
"CZE","LIFEEXP","MEN","YR","A","2012",75.1,
"CZE","LIFEEXP","MEN","YR","A","2013",75.2,
"CZE","LIFEEXP","MEN","YR","A","2014",75.8,
"CZE","LIFEEXP","MEN","YR","A","2015",75.7,
"CZE","LIFEEXP","MEN","YR","A","2016",76.1,
"CZE","LIFEEXP","MEN","YR","A","2017",76.1,
"DNK","LIFEEXP","MEN","YR","A","1960",70.4,
"DNK","LIFEEXP","MEN","YR","A","1967",70.3,
"DNK","LIFEEXP","MEN","YR","A","1968",70.6,
"DNK","LIFEEXP","MEN","YR","A","1969",70.7,
"DNK","LIFEEXP","MEN","YR","A","1970",70.7,
"DNK","LIFEEXP","MEN","YR","A","1971",70.7,
"DNK","LIFEEXP","MEN","YR","A","1972",70.7,
"DNK","LIFEEXP","MEN","YR","A","1973",70.8,
"DNK","LIFEEXP","MEN","YR","A","1974",71,
"DNK","LIFEEXP","MEN","YR","A","1975",71.3,
"DNK","LIFEEXP","MEN","YR","A","1976",70.9,
"DNK","LIFEEXP","MEN","YR","A","1977",71.8,
"DNK","LIFEEXP","MEN","YR","A","1978",71.5,
"DNK","LIFEEXP","MEN","YR","A","1979",71.2,
"DNK","LIFEEXP","MEN","YR","A","1980",71.2,
"DNK","LIFEEXP","MEN","YR","A","1981",71.3,
"DNK","LIFEEXP","MEN","YR","A","1982",71.6,
"DNK","LIFEEXP","MEN","YR","A","1983",71.5,
"DNK","LIFEEXP","MEN","YR","A","1984",71.7,
"DNK","LIFEEXP","MEN","YR","A","1985",71.5,
"DNK","LIFEEXP","MEN","YR","A","1986",71.8,
"DNK","LIFEEXP","MEN","YR","A","1987",71.8,
"DNK","LIFEEXP","MEN","YR","A","1988",72.1,
"DNK","LIFEEXP","MEN","YR","A","1989",72,
"DNK","LIFEEXP","MEN","YR","A","1990",72,
"DNK","LIFEEXP","MEN","YR","A","1991",72.5,
"DNK","LIFEEXP","MEN","YR","A","1992",72.6,
"DNK","LIFEEXP","MEN","YR","A","1993",72.6,
"DNK","LIFEEXP","MEN","YR","A","1994",72.8,
"DNK","LIFEEXP","MEN","YR","A","1995",72.7,
"DNK","LIFEEXP","MEN","YR","A","1996",73.1,
"DNK","LIFEEXP","MEN","YR","A","1997",73.6,
"DNK","LIFEEXP","MEN","YR","A","1998",74,
"DNK","LIFEEXP","MEN","YR","A","1999",74.2,
"DNK","LIFEEXP","MEN","YR","A","2000",74.5,
"DNK","LIFEEXP","MEN","YR","A","2001",74.7,
"DNK","LIFEEXP","MEN","YR","A","2002",74.8,
"DNK","LIFEEXP","MEN","YR","A","2003",75,
"DNK","LIFEEXP","MEN","YR","A","2004",75.4,
"DNK","LIFEEXP","MEN","YR","A","2005",76,
"DNK","LIFEEXP","MEN","YR","A","2006",76.1,
"DNK","LIFEEXP","MEN","YR","A","2007",76.2,
"DNK","LIFEEXP","MEN","YR","A","2008",76.5,
"DNK","LIFEEXP","MEN","YR","A","2009",76.9,
"DNK","LIFEEXP","MEN","YR","A","2010",77.2,
"DNK","LIFEEXP","MEN","YR","A","2011",77.8,
"DNK","LIFEEXP","MEN","YR","A","2012",78.1,
"DNK","LIFEEXP","MEN","YR","A","2013",78.3,
"DNK","LIFEEXP","MEN","YR","A","2014",78.7,
"DNK","LIFEEXP","MEN","YR","A","2015",78.8,
"DNK","LIFEEXP","MEN","YR","A","2016",79,
"DNK","LIFEEXP","MEN","YR","A","2017",79.2,
"FIN","LIFEEXP","MEN","YR","A","1960",65.5,
"FIN","LIFEEXP","MEN","YR","A","1963",65.4,
"FIN","LIFEEXP","MEN","YR","A","1968",65.9,
"FIN","LIFEEXP","MEN","YR","A","1970",66.5,
"FIN","LIFEEXP","MEN","YR","A","1971",65.9,
"FIN","LIFEEXP","MEN","YR","A","1972",66.6,
"FIN","LIFEEXP","MEN","YR","A","1973",66.9,
"FIN","LIFEEXP","MEN","YR","A","1974",66.9,
"FIN","LIFEEXP","MEN","YR","A","1975",67.4,
"FIN","LIFEEXP","MEN","YR","A","1976",67.6,
"FIN","LIFEEXP","MEN","YR","A","1977",67.9,
"FIN","LIFEEXP","MEN","YR","A","1978",68.5,
"FIN","LIFEEXP","MEN","YR","A","1979",69,
"FIN","LIFEEXP","MEN","YR","A","1980",69.2,
"FIN","LIFEEXP","MEN","YR","A","1981",69.6,
"FIN","LIFEEXP","MEN","YR","A","1982",70.3,
"FIN","LIFEEXP","MEN","YR","A","1983",70.3,
"FIN","LIFEEXP","MEN","YR","A","1984",70.5,
"FIN","LIFEEXP","MEN","YR","A","1985",70.2,
"FIN","LIFEEXP","MEN","YR","A","1986",70.6,
"FIN","LIFEEXP","MEN","YR","A","1987",70.7,
"FIN","LIFEEXP","MEN","YR","A","1988",70.7,
"FIN","LIFEEXP","MEN","YR","A","1989",70.9,
"FIN","LIFEEXP","MEN","YR","A","1990",71,
"FIN","LIFEEXP","MEN","YR","A","1991",71.4,
"FIN","LIFEEXP","MEN","YR","A","1992",71.7,
"FIN","LIFEEXP","MEN","YR","A","1993",72.1,
"FIN","LIFEEXP","MEN","YR","A","1994",72.8,
"FIN","LIFEEXP","MEN","YR","A","1995",72.8,
"FIN","LIFEEXP","MEN","YR","A","1996",73.1,
"FIN","LIFEEXP","MEN","YR","A","1997",73.5,
"FIN","LIFEEXP","MEN","YR","A","1998",73.6,
"FIN","LIFEEXP","MEN","YR","A","1999",73.8,
"FIN","LIFEEXP","MEN","YR","A","2000",74.2,
"FIN","LIFEEXP","MEN","YR","A","2001",74.6,
"FIN","LIFEEXP","MEN","YR","A","2002",74.9,
"FIN","LIFEEXP","MEN","YR","A","2003",75.1,
"FIN","LIFEEXP","MEN","YR","A","2004",75.4,
"FIN","LIFEEXP","MEN","YR","A","2005",75.6,
"FIN","LIFEEXP","MEN","YR","A","2006",75.9,
"FIN","LIFEEXP","MEN","YR","A","2007",76,
"FIN","LIFEEXP","MEN","YR","A","2008",76.5,
"FIN","LIFEEXP","MEN","YR","A","2009",76.6,
"FIN","LIFEEXP","MEN","YR","A","2010",76.9,
"FIN","LIFEEXP","MEN","YR","A","2011",77.3,
"FIN","LIFEEXP","MEN","YR","A","2012",77.7,
"FIN","LIFEEXP","MEN","YR","A","2013",78,
"FIN","LIFEEXP","MEN","YR","A","2014",78.4,
"FIN","LIFEEXP","MEN","YR","A","2015",78.7,
"FIN","LIFEEXP","MEN","YR","A","2016",78.6,
"FIN","LIFEEXP","MEN","YR","A","2017",78.9,
"FRA","LIFEEXP","MEN","YR","A","1960",67,
"FRA","LIFEEXP","MEN","YR","A","1961",67.5,
"FRA","LIFEEXP","MEN","YR","A","1962",67,
"FRA","LIFEEXP","MEN","YR","A","1963",66.8,
"FRA","LIFEEXP","MEN","YR","A","1964",67.7,
"FRA","LIFEEXP","MEN","YR","A","1965",67.5,
"FRA","LIFEEXP","MEN","YR","A","1966",67.8,
"FRA","LIFEEXP","MEN","YR","A","1967",67.8,
"FRA","LIFEEXP","MEN","YR","A","1968",67.8,
"FRA","LIFEEXP","MEN","YR","A","1969",67.4,
"FRA","LIFEEXP","MEN","YR","A","1970",68.4,
"FRA","LIFEEXP","MEN","YR","A","1971",68.3,
"FRA","LIFEEXP","MEN","YR","A","1972",68.5,
"FRA","LIFEEXP","MEN","YR","A","1973",68.7,
"FRA","LIFEEXP","MEN","YR","A","1974",68.9,
"FRA","LIFEEXP","MEN","YR","A","1975",69,
"FRA","LIFEEXP","MEN","YR","A","1976",69.2,
"FRA","LIFEEXP","MEN","YR","A","1977",69.7,
"FRA","LIFEEXP","MEN","YR","A","1978",69.8,
"FRA","LIFEEXP","MEN","YR","A","1979",70.1,
"FRA","LIFEEXP","MEN","YR","A","1980",70.2,
"FRA","LIFEEXP","MEN","YR","A","1981",70.4,
"FRA","LIFEEXP","MEN","YR","A","1982",70.7,
"FRA","LIFEEXP","MEN","YR","A","1983",70.7,
"FRA","LIFEEXP","MEN","YR","A","1984",71.2,
"FRA","LIFEEXP","MEN","YR","A","1985",71.3,
"FRA","LIFEEXP","MEN","YR","A","1986",71.6,
"FRA","LIFEEXP","MEN","YR","A","1987",72.1,
"FRA","LIFEEXP","MEN","YR","A","1988",72.4,
"FRA","LIFEEXP","MEN","YR","A","1989",72.5,
"FRA","LIFEEXP","MEN","YR","A","1990",72.8,
"FRA","LIFEEXP","MEN","YR","A","1991",73,
"FRA","LIFEEXP","MEN","YR","A","1992",73.3,
"FRA","LIFEEXP","MEN","YR","A","1993",73.4,
"FRA","LIFEEXP","MEN","YR","A","1994",73.8,
"FRA","LIFEEXP","MEN","YR","A","1995",73.9,
"FRA","LIFEEXP","MEN","YR","A","1996",74.2,
"FRA","LIFEEXP","MEN","YR","A","1997",74.6,
"FRA","LIFEEXP","MEN","YR","A","1998",74.9,
"FRA","LIFEEXP","MEN","YR","A","1999",75.1,
"FRA","LIFEEXP","MEN","YR","A","2000",75.4,
"FRA","LIFEEXP","MEN","YR","A","2001",75.5,
"FRA","LIFEEXP","MEN","YR","A","2002",75.8,
"FRA","LIFEEXP","MEN","YR","A","2003",75.8,
"FRA","LIFEEXP","MEN","YR","A","2004",76.7,
"FRA","LIFEEXP","MEN","YR","A","2005",76.8,
"FRA","LIFEEXP","MEN","YR","A","2006",77.4,
"FRA","LIFEEXP","MEN","YR","A","2007",77.6,
"FRA","LIFEEXP","MEN","YR","A","2008",77.9,
"FRA","LIFEEXP","MEN","YR","A","2009",78,
"FRA","LIFEEXP","MEN","YR","A","2010",78.3,
"FRA","LIFEEXP","MEN","YR","A","2011",78.8,
"FRA","LIFEEXP","MEN","YR","A","2012",78.7,
"FRA","LIFEEXP","MEN","YR","A","2013",79,
"FRA","LIFEEXP","MEN","YR","A","2014",79.5,
"FRA","LIFEEXP","MEN","YR","A","2015",79.2,
"FRA","LIFEEXP","MEN","YR","A","2016",79.5,
"FRA","LIFEEXP","MEN","YR","A","2017",79.6,
"DEU","LIFEEXP","MEN","YR","A","1960",66.5,
"DEU","LIFEEXP","MEN","YR","A","1961",67,
"DEU","LIFEEXP","MEN","YR","A","1962",67.1,
"DEU","LIFEEXP","MEN","YR","A","1963",67.2,
"DEU","LIFEEXP","MEN","YR","A","1964",67.7,
"DEU","LIFEEXP","MEN","YR","A","1965",67.7,
"DEU","LIFEEXP","MEN","YR","A","1966",67.7,
"DEU","LIFEEXP","MEN","YR","A","1967",67.9,
"DEU","LIFEEXP","MEN","YR","A","1968",67.5,
"DEU","LIFEEXP","MEN","YR","A","1969",67.3,
"DEU","LIFEEXP","MEN","YR","A","1970",67.5,
"DEU","LIFEEXP","MEN","YR","A","1971",67.7,
"DEU","LIFEEXP","MEN","YR","A","1972",67.8,
"DEU","LIFEEXP","MEN","YR","A","1973",68.1,
"DEU","LIFEEXP","MEN","YR","A","1974",68.4,
"DEU","LIFEEXP","MEN","YR","A","1975",68.2,
"DEU","LIFEEXP","MEN","YR","A","1976",68.6,
"DEU","LIFEEXP","MEN","YR","A","1977",69.2,
"DEU","LIFEEXP","MEN","YR","A","1978",69.1,
"DEU","LIFEEXP","MEN","YR","A","1979",69.5,
"DEU","LIFEEXP","MEN","YR","A","1980",69.6,
"DEU","LIFEEXP","MEN","YR","A","1981",69.9,
"DEU","LIFEEXP","MEN","YR","A","1982",70.2,
"DEU","LIFEEXP","MEN","YR","A","1983",70.5,
"DEU","LIFEEXP","MEN","YR","A","1984",71,
"DEU","LIFEEXP","MEN","YR","A","1985",71.6,
"DEU","LIFEEXP","MEN","YR","A","1986",71.8,
"DEU","LIFEEXP","MEN","YR","A","1987",72.2,
"DEU","LIFEEXP","MEN","YR","A","1988",72.5,
"DEU","LIFEEXP","MEN","YR","A","1989",72.6,
"DEU","LIFEEXP","MEN","YR","A","1990",74,
"DEU","LIFEEXP","MEN","YR","A","1991",72.2,"B"
"DEU","LIFEEXP","MEN","YR","A","1992",72.7,
"DEU","LIFEEXP","MEN","YR","A","1993",72.8,
"DEU","LIFEEXP","MEN","YR","A","1994",73.1,
"DEU","LIFEEXP","MEN","YR","A","1995",73.3,
"DEU","LIFEEXP","MEN","YR","A","1996",73.6,
"DEU","LIFEEXP","MEN","YR","A","1997",74.1,
"DEU","LIFEEXP","MEN","YR","A","1998",74.5,
"DEU","LIFEEXP","MEN","YR","A","1999",74.8,
"DEU","LIFEEXP","MEN","YR","A","2000",75.1,
"DEU","LIFEEXP","MEN","YR","A","2001",75.6,
"DEU","LIFEEXP","MEN","YR","A","2002",75.7,
"DEU","LIFEEXP","MEN","YR","A","2003",75.8,
"DEU","LIFEEXP","MEN","YR","A","2004",76.5,
"DEU","LIFEEXP","MEN","YR","A","2005",76.7,
"DEU","LIFEEXP","MEN","YR","A","2006",77.2,
"DEU","LIFEEXP","MEN","YR","A","2007",77.4,
"DEU","LIFEEXP","MEN","YR","A","2008",77.6,
"DEU","LIFEEXP","MEN","YR","A","2009",77.8,
"DEU","LIFEEXP","MEN","YR","A","2010",78,
"DEU","LIFEEXP","MEN","YR","A","2011",77.9,
"DEU","LIFEEXP","MEN","YR","A","2012",78.1,
"DEU","LIFEEXP","MEN","YR","A","2013",78.1,
"DEU","LIFEEXP","MEN","YR","A","2014",78.7,
"DEU","LIFEEXP","MEN","YR","A","2015",78.3,
"DEU","LIFEEXP","MEN","YR","A","2016",78.6,
"DEU","LIFEEXP","MEN","YR","A","2017",78.7,
"GRC","LIFEEXP","MEN","YR","A","1961",70.2,
"GRC","LIFEEXP","MEN","YR","A","1962",69.9,
"GRC","LIFEEXP","MEN","YR","A","1963",70.2,
"GRC","LIFEEXP","MEN","YR","A","1964",69.9,
"GRC","LIFEEXP","MEN","YR","A","1965",70.5,
"GRC","LIFEEXP","MEN","YR","A","1966",70.5,
"GRC","LIFEEXP","MEN","YR","A","1967",70.4,
"GRC","LIFEEXP","MEN","YR","A","1968",70.6,
"GRC","LIFEEXP","MEN","YR","A","1969",71,
"GRC","LIFEEXP","MEN","YR","A","1970",71.6,
"GRC","LIFEEXP","MEN","YR","A","1971",72.2,
"GRC","LIFEEXP","MEN","YR","A","1972",71.7,
"GRC","LIFEEXP","MEN","YR","A","1973",72,
"GRC","LIFEEXP","MEN","YR","A","1974",72.4,
"GRC","LIFEEXP","MEN","YR","A","1975",72.2,
"GRC","LIFEEXP","MEN","YR","A","1976",72.3,
"GRC","LIFEEXP","MEN","YR","A","1977",72.4,
"GRC","LIFEEXP","MEN","YR","A","1978",72.9,
"GRC","LIFEEXP","MEN","YR","A","1979",73.2,
"GRC","LIFEEXP","MEN","YR","A","1980",73,
"GRC","LIFEEXP","MEN","YR","A","1981",73.4,
"GRC","LIFEEXP","MEN","YR","A","1982",73.6,
"GRC","LIFEEXP","MEN","YR","A","1983",73.4,
"GRC","LIFEEXP","MEN","YR","A","1984",73.8,
"GRC","LIFEEXP","MEN","YR","A","1985",73.5,
"GRC","LIFEEXP","MEN","YR","A","1986",74.1,
"GRC","LIFEEXP","MEN","YR","A","1987",73.9,
"GRC","LIFEEXP","MEN","YR","A","1988",74.3,
"GRC","LIFEEXP","MEN","YR","A","1989",74.5,
"GRC","LIFEEXP","MEN","YR","A","1990",74.7,
"GRC","LIFEEXP","MEN","YR","A","1991",74.8,
"GRC","LIFEEXP","MEN","YR","A","1992",74.7,
"GRC","LIFEEXP","MEN","YR","A","1993",75.1,
"GRC","LIFEEXP","MEN","YR","A","1994",75.3,
"GRC","LIFEEXP","MEN","YR","A","1995",75.2,
"GRC","LIFEEXP","MEN","YR","A","1996",75.3,
"GRC","LIFEEXP","MEN","YR","A","1997",75.7,
"GRC","LIFEEXP","MEN","YR","A","1998",75.8,
"GRC","LIFEEXP","MEN","YR","A","1999",75.9,
"GRC","LIFEEXP","MEN","YR","A","2000",75.9,
"GRC","LIFEEXP","MEN","YR","A","2001",76.3,
"GRC","LIFEEXP","MEN","YR","A","2002",76.4,
"GRC","LIFEEXP","MEN","YR","A","2003",76.6,
"GRC","LIFEEXP","MEN","YR","A","2004",76.6,
"GRC","LIFEEXP","MEN","YR","A","2005",76.8,
"GRC","LIFEEXP","MEN","YR","A","2006",77.1,
"GRC","LIFEEXP","MEN","YR","A","2007",76.9,
"GRC","LIFEEXP","MEN","YR","A","2008",77.5,
"GRC","LIFEEXP","MEN","YR","A","2009",77.5,
"GRC","LIFEEXP","MEN","YR","A","2010",78,
"GRC","LIFEEXP","MEN","YR","A","2011",78,
"GRC","LIFEEXP","MEN","YR","A","2012",78,
"GRC","LIFEEXP","MEN","YR","A","2013",78.7,
"GRC","LIFEEXP","MEN","YR","A","2014",78.8,
"GRC","LIFEEXP","MEN","YR","A","2015",78.5,
"GRC","LIFEEXP","MEN","YR","A","2016",78.9,
"GRC","LIFEEXP","MEN","YR","A","2017",78.8,
"HUN","LIFEEXP","MEN","YR","A","1960",65.9,
"HUN","LIFEEXP","MEN","YR","A","1961",66.8,
"HUN","LIFEEXP","MEN","YR","A","1962",65.7,
"HUN","LIFEEXP","MEN","YR","A","1963",66.6,
"HUN","LIFEEXP","MEN","YR","A","1964",67,
"HUN","LIFEEXP","MEN","YR","A","1965",66.7,
"HUN","LIFEEXP","MEN","YR","A","1966",67.5,
"HUN","LIFEEXP","MEN","YR","A","1967",66.9,
"HUN","LIFEEXP","MEN","YR","A","1968",66.6,
"HUN","LIFEEXP","MEN","YR","A","1969",66.7,
"HUN","LIFEEXP","MEN","YR","A","1970",66.3,
"HUN","LIFEEXP","MEN","YR","A","1971",66.1,
"HUN","LIFEEXP","MEN","YR","A","1972",66.8,
"HUN","LIFEEXP","MEN","YR","A","1973",66.6,
"HUN","LIFEEXP","MEN","YR","A","1974",66.3,
"HUN","LIFEEXP","MEN","YR","A","1975",66.3,
"HUN","LIFEEXP","MEN","YR","A","1976",66.7,
"HUN","LIFEEXP","MEN","YR","A","1977",66.8,
"HUN","LIFEEXP","MEN","YR","A","1978",66.1,
"HUN","LIFEEXP","MEN","YR","A","1979",66.2,
"HUN","LIFEEXP","MEN","YR","A","1980",65.5,
"HUN","LIFEEXP","MEN","YR","A","1981",65.5,
"HUN","LIFEEXP","MEN","YR","A","1982",65.7,
"HUN","LIFEEXP","MEN","YR","A","1983",65.1,
"HUN","LIFEEXP","MEN","YR","A","1984",65.1,
"HUN","LIFEEXP","MEN","YR","A","1985",65.1,
"HUN","LIFEEXP","MEN","YR","A","1986",65.3,
"HUN","LIFEEXP","MEN","YR","A","1987",65.7,
"HUN","LIFEEXP","MEN","YR","A","1988",66.2,
"HUN","LIFEEXP","MEN","YR","A","1989",65.4,
"HUN","LIFEEXP","MEN","YR","A","1990",65.2,
"HUN","LIFEEXP","MEN","YR","A","1991",65.1,
"HUN","LIFEEXP","MEN","YR","A","1992",64.7,
"HUN","LIFEEXP","MEN","YR","A","1993",64.7,
"HUN","LIFEEXP","MEN","YR","A","1994",65,
"HUN","LIFEEXP","MEN","YR","A","1995",65.4,
"HUN","LIFEEXP","MEN","YR","A","1996",66.3,
"HUN","LIFEEXP","MEN","YR","A","1997",66.7,
"HUN","LIFEEXP","MEN","YR","A","1998",66.5,
"HUN","LIFEEXP","MEN","YR","A","1999",66.7,
"HUN","LIFEEXP","MEN","YR","A","2000",67.5,
"HUN","LIFEEXP","MEN","YR","A","2001",68.2,
"HUN","LIFEEXP","MEN","YR","A","2002",68.3,
"HUN","LIFEEXP","MEN","YR","A","2003",68.4,
"HUN","LIFEEXP","MEN","YR","A","2004",68.7,
"HUN","LIFEEXP","MEN","YR","A","2005",68.7,
"HUN","LIFEEXP","MEN","YR","A","2006",69.2,
"HUN","LIFEEXP","MEN","YR","A","2007",69.4,
"HUN","LIFEEXP","MEN","YR","A","2008",70,
"HUN","LIFEEXP","MEN","YR","A","2009",70.3,
"HUN","LIFEEXP","MEN","YR","A","2010",70.7,
"HUN","LIFEEXP","MEN","YR","A","2011",71.2,
"HUN","LIFEEXP","MEN","YR","A","2012",71.6,"B"
"HUN","LIFEEXP","MEN","YR","A","2013",72.2,
"HUN","LIFEEXP","MEN","YR","A","2014",72.3,
"HUN","LIFEEXP","MEN","YR","A","2015",72.3,
"HUN","LIFEEXP","MEN","YR","A","2016",72.6,
"HUN","LIFEEXP","MEN","YR","A","2017",72.5,
"ISL","LIFEEXP","MEN","YR","A","1961",70.8,
"ISL","LIFEEXP","MEN","YR","A","1962",71.4,
"ISL","LIFEEXP","MEN","YR","A","1963",70.2,
"ISL","LIFEEXP","MEN","YR","A","1964",70.8,
"ISL","LIFEEXP","MEN","YR","A","1965",71.4,
"ISL","LIFEEXP","MEN","YR","A","1966",70.3,
"ISL","LIFEEXP","MEN","YR","A","1967",71.1,
"ISL","LIFEEXP","MEN","YR","A","1968",71.6,
"ISL","LIFEEXP","MEN","YR","A","1969",71.2,
"ISL","LIFEEXP","MEN","YR","A","1970",70.7,
"ISL","LIFEEXP","MEN","YR","A","1971",70.8,
"ISL","LIFEEXP","MEN","YR","A","1972",72.1,
"ISL","LIFEEXP","MEN","YR","A","1973",71.5,
"ISL","LIFEEXP","MEN","YR","A","1974",71.2,
"ISL","LIFEEXP","MEN","YR","A","1975",72.3,
"ISL","LIFEEXP","MEN","YR","A","1976",73.9,
"ISL","LIFEEXP","MEN","YR","A","1977",73.3,
"ISL","LIFEEXP","MEN","YR","A","1978",73.8,
"ISL","LIFEEXP","MEN","YR","A","1980",73.5,
"ISL","LIFEEXP","MEN","YR","A","1981",73.4,
"ISL","LIFEEXP","MEN","YR","A","1982",74.6,
"ISL","LIFEEXP","MEN","YR","A","1983",73.3,
"ISL","LIFEEXP","MEN","YR","A","1984",74.8,
"ISL","LIFEEXP","MEN","YR","A","1985",74.9,
"ISL","LIFEEXP","MEN","YR","A","1986",75.4,
"ISL","LIFEEXP","MEN","YR","A","1987",74.9,
"ISL","LIFEEXP","MEN","YR","A","1988",74.4,
"ISL","LIFEEXP","MEN","YR","A","1989",76.2,
"ISL","LIFEEXP","MEN","YR","A","1990",75.5,
"ISL","LIFEEXP","MEN","YR","A","1991",74.9,
"ISL","LIFEEXP","MEN","YR","A","1992",76.8,
"ISL","LIFEEXP","MEN","YR","A","1993",77.1,
"ISL","LIFEEXP","MEN","YR","A","1994",77.1,
"ISL","LIFEEXP","MEN","YR","A","1995",76,
"ISL","LIFEEXP","MEN","YR","A","1996",76.5,
"ISL","LIFEEXP","MEN","YR","A","1997",76.3,
"ISL","LIFEEXP","MEN","YR","A","1998",77.7,
"ISL","LIFEEXP","MEN","YR","A","1999",77.4,
"ISL","LIFEEXP","MEN","YR","A","2000",77.8,
"ISL","LIFEEXP","MEN","YR","A","2001",78.3,
"ISL","LIFEEXP","MEN","YR","A","2002",78.6,
"ISL","LIFEEXP","MEN","YR","A","2003",79.5,
"ISL","LIFEEXP","MEN","YR","A","2004",78.9,
"ISL","LIFEEXP","MEN","YR","A","2005",79.6,
"ISL","LIFEEXP","MEN","YR","A","2006",79.5,
"ISL","LIFEEXP","MEN","YR","A","2007",79.6,
"ISL","LIFEEXP","MEN","YR","A","2008",80,
"ISL","LIFEEXP","MEN","YR","A","2009",79.8,
"ISL","LIFEEXP","MEN","YR","A","2010",79.8,
"ISL","LIFEEXP","MEN","YR","A","2011",80.7,
"ISL","LIFEEXP","MEN","YR","A","2012",81.6,
"ISL","LIFEEXP","MEN","YR","A","2013",80.5,
"ISL","LIFEEXP","MEN","YR","A","2014",81.3,
"ISL","LIFEEXP","MEN","YR","A","2015",81.2,
"ISL","LIFEEXP","MEN","YR","A","2016",80.4,
"ISL","LIFEEXP","MEN","YR","A","2017",81.1,
"IRL","LIFEEXP","MEN","YR","A","1960",68.1,
"IRL","LIFEEXP","MEN","YR","A","1970",68.8,
"IRL","LIFEEXP","MEN","YR","A","1978",68.1,
"IRL","LIFEEXP","MEN","YR","A","1979",69.5,
"IRL","LIFEEXP","MEN","YR","A","1980",70.1,
"IRL","LIFEEXP","MEN","YR","A","1981",70.1,
"IRL","LIFEEXP","MEN","YR","A","1982",70.1,
"IRL","LIFEEXP","MEN","YR","A","1985",70.7,
"IRL","LIFEEXP","MEN","YR","A","1986",70.8,
"IRL","LIFEEXP","MEN","YR","A","1987",71.6,
"IRL","LIFEEXP","MEN","YR","A","1988",71.7,
"IRL","LIFEEXP","MEN","YR","A","1989",71.7,
"IRL","LIFEEXP","MEN","YR","A","1990",72.1,
"IRL","LIFEEXP","MEN","YR","A","1991",72.3,
"IRL","LIFEEXP","MEN","YR","A","1992",72.7,
"IRL","LIFEEXP","MEN","YR","A","1993",72.5,
"IRL","LIFEEXP","MEN","YR","A","1994",73.1,
"IRL","LIFEEXP","MEN","YR","A","1995",72.8,
"IRL","LIFEEXP","MEN","YR","A","1996",73.1,
"IRL","LIFEEXP","MEN","YR","A","1997",73.4,
"IRL","LIFEEXP","MEN","YR","A","1998",73.4,
"IRL","LIFEEXP","MEN","YR","A","1999",73.4,
"IRL","LIFEEXP","MEN","YR","A","2000",74,
"IRL","LIFEEXP","MEN","YR","A","2001",74.5,
"IRL","LIFEEXP","MEN","YR","A","2002",75,
"IRL","LIFEEXP","MEN","YR","A","2003",75.7,
"IRL","LIFEEXP","MEN","YR","A","2004",76.1,
"IRL","LIFEEXP","MEN","YR","A","2005",76.7,
"IRL","LIFEEXP","MEN","YR","A","2006",76.9,
"IRL","LIFEEXP","MEN","YR","A","2007",77.3,
"IRL","LIFEEXP","MEN","YR","A","2008",77.9,
"IRL","LIFEEXP","MEN","YR","A","2009",77.8,
"IRL","LIFEEXP","MEN","YR","A","2010",78.5,
"IRL","LIFEEXP","MEN","YR","A","2011",78.6,
"IRL","LIFEEXP","MEN","YR","A","2012",78.7,
"IRL","LIFEEXP","MEN","YR","A","2013",78.9,
"IRL","LIFEEXP","MEN","YR","A","2014",79.3,
"IRL","LIFEEXP","MEN","YR","A","2015",79.6,
"IRL","LIFEEXP","MEN","YR","A","2016",79.9,
"IRL","LIFEEXP","MEN","YR","A","2017",80.4,
"ITA","LIFEEXP","MEN","YR","A","1961",67.2,
"ITA","LIFEEXP","MEN","YR","A","1971",69,
"ITA","LIFEEXP","MEN","YR","A","1974",69.5,
"ITA","LIFEEXP","MEN","YR","A","1975",69.5,
"ITA","LIFEEXP","MEN","YR","A","1976",69.6,
"ITA","LIFEEXP","MEN","YR","A","1977",70,
"ITA","LIFEEXP","MEN","YR","A","1978",70.4,
"ITA","LIFEEXP","MEN","YR","A","1979",70.6,
"ITA","LIFEEXP","MEN","YR","A","1980",70.6,
"ITA","LIFEEXP","MEN","YR","A","1981",70.9,
"ITA","LIFEEXP","MEN","YR","A","1982",71.3,
"ITA","LIFEEXP","MEN","YR","A","1983",71.5,
"ITA","LIFEEXP","MEN","YR","A","1984",71.8,
"ITA","LIFEEXP","MEN","YR","A","1985",72.3,
"ITA","LIFEEXP","MEN","YR","A","1986",72.6,
"ITA","LIFEEXP","MEN","YR","A","1987",73,
"ITA","LIFEEXP","MEN","YR","A","1988",73.2,
"ITA","LIFEEXP","MEN","YR","A","1989",73.6,
"ITA","LIFEEXP","MEN","YR","A","1990",73.8,
"ITA","LIFEEXP","MEN","YR","A","1991",73.8,
"ITA","LIFEEXP","MEN","YR","A","1992",74.2,
"ITA","LIFEEXP","MEN","YR","A","1993",74.6,
"ITA","LIFEEXP","MEN","YR","A","1994",74.8,
"ITA","LIFEEXP","MEN","YR","A","1995",75,
"ITA","LIFEEXP","MEN","YR","A","1996",75.4,
"ITA","LIFEEXP","MEN","YR","A","1997",75.8,
"ITA","LIFEEXP","MEN","YR","A","1998",76,
"ITA","LIFEEXP","MEN","YR","A","1999",76.4,
"ITA","LIFEEXP","MEN","YR","A","2000",76.9,
"ITA","LIFEEXP","MEN","YR","A","2001",77.2,
"ITA","LIFEEXP","MEN","YR","A","2002",77.4,
"ITA","LIFEEXP","MEN","YR","A","2003",77.3,
"ITA","LIFEEXP","MEN","YR","A","2004",78,
"ITA","LIFEEXP","MEN","YR","A","2005",78.1,
"ITA","LIFEEXP","MEN","YR","A","2006",78.6,
"ITA","LIFEEXP","MEN","YR","A","2007",78.8,
"ITA","LIFEEXP","MEN","YR","A","2008",78.9,
"ITA","LIFEEXP","MEN","YR","A","2009",79.1,
"ITA","LIFEEXP","MEN","YR","A","2010",79.5,
"ITA","LIFEEXP","MEN","YR","A","2011",79.7,
"ITA","LIFEEXP","MEN","YR","A","2012",79.8,
"ITA","LIFEEXP","MEN","YR","A","2013",80.3,
"ITA","LIFEEXP","MEN","YR","A","2014",80.7,
"ITA","LIFEEXP","MEN","YR","A","2015",80.3,
"ITA","LIFEEXP","MEN","YR","A","2016",81,
"ITA","LIFEEXP","MEN","YR","A","2017",80.8,
"JPN","LIFEEXP","MEN","YR","A","1960",65.3,
"JPN","LIFEEXP","MEN","YR","A","1961",66,
"JPN","LIFEEXP","MEN","YR","A","1962",66.2,
"JPN","LIFEEXP","MEN","YR","A","1963",67.2,
"JPN","LIFEEXP","MEN","YR","A","1964",67.7,
"JPN","LIFEEXP","MEN","YR","A","1965",67.7,
"JPN","LIFEEXP","MEN","YR","A","1966",68.4,
"JPN","LIFEEXP","MEN","YR","A","1967",68.9,
"JPN","LIFEEXP","MEN","YR","A","1968",69.1,
"JPN","LIFEEXP","MEN","YR","A","1969",69.2,
"JPN","LIFEEXP","MEN","YR","A","1970",69.3,
"JPN","LIFEEXP","MEN","YR","A","1971",70.2,
"JPN","LIFEEXP","MEN","YR","A","1972",70.5,
"JPN","LIFEEXP","MEN","YR","A","1973",70.7,
"JPN","LIFEEXP","MEN","YR","A","1974",71.2,
"JPN","LIFEEXP","MEN","YR","A","1975",71.7,
"JPN","LIFEEXP","MEN","YR","A","1976",72.2,
"JPN","LIFEEXP","MEN","YR","A","1977",72.7,
"JPN","LIFEEXP","MEN","YR","A","1978",73,
"JPN","LIFEEXP","MEN","YR","A","1979",73.5,
"JPN","LIFEEXP","MEN","YR","A","1980",73.4,
"JPN","LIFEEXP","MEN","YR","A","1981",73.8,
"JPN","LIFEEXP","MEN","YR","A","1982",74.2,
"JPN","LIFEEXP","MEN","YR","A","1983",74.2,
"JPN","LIFEEXP","MEN","YR","A","1984",74.5,
"JPN","LIFEEXP","MEN","YR","A","1985",74.8,
"JPN","LIFEEXP","MEN","YR","A","1986",75.2,
"JPN","LIFEEXP","MEN","YR","A","1987",75.6,
"JPN","LIFEEXP","MEN","YR","A","1988",75.5,
"JPN","LIFEEXP","MEN","YR","A","1989",75.9,
"JPN","LIFEEXP","MEN","YR","A","1990",75.9,
"JPN","LIFEEXP","MEN","YR","A","1991",76.1,
"JPN","LIFEEXP","MEN","YR","A","1992",76.1,
"JPN","LIFEEXP","MEN","YR","A","1993",76.3,
"JPN","LIFEEXP","MEN","YR","A","1994",76.6,
"JPN","LIFEEXP","MEN","YR","A","1995",76.4,
"JPN","LIFEEXP","MEN","YR","A","1996",77,
"JPN","LIFEEXP","MEN","YR","A","1997",77.2,
"JPN","LIFEEXP","MEN","YR","A","1998",77.2,
"JPN","LIFEEXP","MEN","YR","A","1999",77.1,
"JPN","LIFEEXP","MEN","YR","A","2000",77.7,
"JPN","LIFEEXP","MEN","YR","A","2001",78.1,
"JPN","LIFEEXP","MEN","YR","A","2002",78.3,
"JPN","LIFEEXP","MEN","YR","A","2003",78.4,
"JPN","LIFEEXP","MEN","YR","A","2004",78.6,
"JPN","LIFEEXP","MEN","YR","A","2005",78.6,
"JPN","LIFEEXP","MEN","YR","A","2006",79,
"JPN","LIFEEXP","MEN","YR","A","2007",79.2,
"JPN","LIFEEXP","MEN","YR","A","2008",79.3,
"JPN","LIFEEXP","MEN","YR","A","2009",79.6,
"JPN","LIFEEXP","MEN","YR","A","2010",79.6,
"JPN","LIFEEXP","MEN","YR","A","2011",79.4,
"JPN","LIFEEXP","MEN","YR","A","2012",79.9,
"JPN","LIFEEXP","MEN","YR","A","2013",80.2,
"JPN","LIFEEXP","MEN","YR","A","2014",80.5,
"JPN","LIFEEXP","MEN","YR","A","2015",80.8,
"JPN","LIFEEXP","MEN","YR","A","2016",81,
"JPN","LIFEEXP","MEN","YR","A","2017",81.1,
"KOR","LIFEEXP","MEN","YR","A","1970",58.7,
"KOR","LIFEEXP","MEN","YR","A","1971",59.1,
"KOR","LIFEEXP","MEN","YR","A","1972",59.4,
"KOR","LIFEEXP","MEN","YR","A","1973",59.7,
"KOR","LIFEEXP","MEN","YR","A","1974",60,
"KOR","LIFEEXP","MEN","YR","A","1975",60.3,
"KOR","LIFEEXP","MEN","YR","A","1976",60.6,
"KOR","LIFEEXP","MEN","YR","A","1977",60.9,
"KOR","LIFEEXP","MEN","YR","A","1978",61.1,
"KOR","LIFEEXP","MEN","YR","A","1979",61.4,
"KOR","LIFEEXP","MEN","YR","A","1980",61.9,
"KOR","LIFEEXP","MEN","YR","A","1981",62.4,
"KOR","LIFEEXP","MEN","YR","A","1982",62.9,
"KOR","LIFEEXP","MEN","YR","A","1983",63.4,
"KOR","LIFEEXP","MEN","YR","A","1984",64,
"KOR","LIFEEXP","MEN","YR","A","1985",64.6,
"KOR","LIFEEXP","MEN","YR","A","1986",65.3,
"KOR","LIFEEXP","MEN","YR","A","1987",65.9,
"KOR","LIFEEXP","MEN","YR","A","1988",66.5,
"KOR","LIFEEXP","MEN","YR","A","1989",67,
"KOR","LIFEEXP","MEN","YR","A","1990",67.5,
"KOR","LIFEEXP","MEN","YR","A","1991",67.9,
"KOR","LIFEEXP","MEN","YR","A","1992",68.4,
"KOR","LIFEEXP","MEN","YR","A","1993",68.9,
"KOR","LIFEEXP","MEN","YR","A","1994",69.3,
"KOR","LIFEEXP","MEN","YR","A","1995",69.7,
"KOR","LIFEEXP","MEN","YR","A","1996",70.2,
"KOR","LIFEEXP","MEN","YR","A","1997",70.7,
"KOR","LIFEEXP","MEN","YR","A","1998",71.2,
"KOR","LIFEEXP","MEN","YR","A","1999",71.8,
"KOR","LIFEEXP","MEN","YR","A","2000",72.3,
"KOR","LIFEEXP","MEN","YR","A","2001",72.9,
"KOR","LIFEEXP","MEN","YR","A","2002",73.4,
"KOR","LIFEEXP","MEN","YR","A","2003",73.8,
"KOR","LIFEEXP","MEN","YR","A","2004",74.3,
"KOR","LIFEEXP","MEN","YR","A","2005",74.9,
"KOR","LIFEEXP","MEN","YR","A","2006",75.4,
"KOR","LIFEEXP","MEN","YR","A","2007",75.9,
"KOR","LIFEEXP","MEN","YR","A","2008",76.2,
"KOR","LIFEEXP","MEN","YR","A","2009",76.7,
"KOR","LIFEEXP","MEN","YR","A","2010",76.8,
"KOR","LIFEEXP","MEN","YR","A","2011",77.3,
"KOR","LIFEEXP","MEN","YR","A","2012",77.6,
"KOR","LIFEEXP","MEN","YR","A","2013",78.1,
"KOR","LIFEEXP","MEN","YR","A","2014",78.6,
"KOR","LIFEEXP","MEN","YR","A","2015",79,
"KOR","LIFEEXP","MEN","YR","A","2016",79.3,
"KOR","LIFEEXP","MEN","YR","A","2017",79.7,
"LUX","LIFEEXP","MEN","YR","A","1960",66.5,
"LUX","LIFEEXP","MEN","YR","A","1971",66.2,
"LUX","LIFEEXP","MEN","YR","A","1972",67.7,
"LUX","LIFEEXP","MEN","YR","A","1973",66.9,
"LUX","LIFEEXP","MEN","YR","A","1974",67.1,
"LUX","LIFEEXP","MEN","YR","A","1975",67.3,
"LUX","LIFEEXP","MEN","YR","A","1976",67.2,
"LUX","LIFEEXP","MEN","YR","A","1977",68.2,
"LUX","LIFEEXP","MEN","YR","A","1978",68.5,
"LUX","LIFEEXP","MEN","YR","A","1979",69,
"LUX","LIFEEXP","MEN","YR","A","1980",70,
"LUX","LIFEEXP","MEN","YR","A","1981",68.9,
"LUX","LIFEEXP","MEN","YR","A","1982",68.9,
"LUX","LIFEEXP","MEN","YR","A","1983",69.9,
"LUX","LIFEEXP","MEN","YR","A","1984",69.7,
"LUX","LIFEEXP","MEN","YR","A","1985",70.3,
"LUX","LIFEEXP","MEN","YR","A","1986",70.7,
"LUX","LIFEEXP","MEN","YR","A","1987",70.6,
"LUX","LIFEEXP","MEN","YR","A","1988",71,
"LUX","LIFEEXP","MEN","YR","A","1989",71.2,
"LUX","LIFEEXP","MEN","YR","A","1990",72.4,
"LUX","LIFEEXP","MEN","YR","A","1991",72,
"LUX","LIFEEXP","MEN","YR","A","1992",71.9,
"LUX","LIFEEXP","MEN","YR","A","1993",72.2,
"LUX","LIFEEXP","MEN","YR","A","1994",73.2,
"LUX","LIFEEXP","MEN","YR","A","1995",73,
"LUX","LIFEEXP","MEN","YR","A","1996",73.3,
"LUX","LIFEEXP","MEN","YR","A","1997",74,
"LUX","LIFEEXP","MEN","YR","A","1998",73.7,
"LUX","LIFEEXP","MEN","YR","A","1999",74.4,
"LUX","LIFEEXP","MEN","YR","A","2000",74.6,
"LUX","LIFEEXP","MEN","YR","A","2001",75.1,
"LUX","LIFEEXP","MEN","YR","A","2002",74.6,
"LUX","LIFEEXP","MEN","YR","A","2003",74.8,
"LUX","LIFEEXP","MEN","YR","A","2004",76,
"LUX","LIFEEXP","MEN","YR","A","2005",76.7,
"LUX","LIFEEXP","MEN","YR","A","2006",76.8,
"LUX","LIFEEXP","MEN","YR","A","2007",76.7,
"LUX","LIFEEXP","MEN","YR","A","2008",78.1,
"LUX","LIFEEXP","MEN","YR","A","2009",78.1,
"LUX","LIFEEXP","MEN","YR","A","2010",77.9,
"LUX","LIFEEXP","MEN","YR","A","2011",78.5,
"LUX","LIFEEXP","MEN","YR","A","2012",79.1,"B"
"LUX","LIFEEXP","MEN","YR","A","2013",79.8,
"LUX","LIFEEXP","MEN","YR","A","2014",79.4,
"LUX","LIFEEXP","MEN","YR","A","2015",80,
"LUX","LIFEEXP","MEN","YR","A","2016",80.1,
"LUX","LIFEEXP","MEN","YR","A","2017",79.9,
"MEX","LIFEEXP","MEN","YR","A","1960",55.8,
"MEX","LIFEEXP","MEN","YR","A","1961",56.5,
"MEX","LIFEEXP","MEN","YR","A","1962",57.1,
"MEX","LIFEEXP","MEN","YR","A","1963",57.6,
"MEX","LIFEEXP","MEN","YR","A","1964",58.1,
"MEX","LIFEEXP","MEN","YR","A","1965",58.5,
"MEX","LIFEEXP","MEN","YR","A","1966",58.8,
"MEX","LIFEEXP","MEN","YR","A","1967",59,
"MEX","LIFEEXP","MEN","YR","A","1968",59.2,
"MEX","LIFEEXP","MEN","YR","A","1969",59.5,
"MEX","LIFEEXP","MEN","YR","A","1970",58.5,
"MEX","LIFEEXP","MEN","YR","A","1971",60.2,
"MEX","LIFEEXP","MEN","YR","A","1972",60.7,
"MEX","LIFEEXP","MEN","YR","A","1973",61.2,
"MEX","LIFEEXP","MEN","YR","A","1974",61.7,
"MEX","LIFEEXP","MEN","YR","A","1975",62,
"MEX","LIFEEXP","MEN","YR","A","1976",62.4,
"MEX","LIFEEXP","MEN","YR","A","1977",62.8,
"MEX","LIFEEXP","MEN","YR","A","1978",63.1,
"MEX","LIFEEXP","MEN","YR","A","1979",63.6,
"MEX","LIFEEXP","MEN","YR","A","1980",64.1,
"MEX","LIFEEXP","MEN","YR","A","1981",64.6,
"MEX","LIFEEXP","MEN","YR","A","1982",65.1,
"MEX","LIFEEXP","MEN","YR","A","1983",65.6,
"MEX","LIFEEXP","MEN","YR","A","1984",66.1,
"MEX","LIFEEXP","MEN","YR","A","1985",66.6,
"MEX","LIFEEXP","MEN","YR","A","1986",67,
"MEX","LIFEEXP","MEN","YR","A","1987",67.3,
"MEX","LIFEEXP","MEN","YR","A","1988",67.7,
"MEX","LIFEEXP","MEN","YR","A","1989",67.9,
"MEX","LIFEEXP","MEN","YR","A","1990",67,
"MEX","LIFEEXP","MEN","YR","A","1991",67.5,
"MEX","LIFEEXP","MEN","YR","A","1992",68,
"MEX","LIFEEXP","MEN","YR","A","1993",68.4,
"MEX","LIFEEXP","MEN","YR","A","1994",68.8,
"MEX","LIFEEXP","MEN","YR","A","1995",69.2,
"MEX","LIFEEXP","MEN","YR","A","1996",69.5,
"MEX","LIFEEXP","MEN","YR","A","1997",69.8,
"MEX","LIFEEXP","MEN","YR","A","1998",70,
"MEX","LIFEEXP","MEN","YR","A","1999",70.3,
"MEX","LIFEEXP","MEN","YR","A","2000",70.5,
"MEX","LIFEEXP","MEN","YR","A","2001",70.7,
"MEX","LIFEEXP","MEN","YR","A","2002",70.8,
"MEX","LIFEEXP","MEN","YR","A","2003",71,
"MEX","LIFEEXP","MEN","YR","A","2004",71.2,
"MEX","LIFEEXP","MEN","YR","A","2005",71.3,
"MEX","LIFEEXP","MEN","YR","A","2006",71.4,
"MEX","LIFEEXP","MEN","YR","A","2007",71.5,
"MEX","LIFEEXP","MEN","YR","A","2008",71.3,
"MEX","LIFEEXP","MEN","YR","A","2009",71.1,
"MEX","LIFEEXP","MEN","YR","A","2010",71.1,
"MEX","LIFEEXP","MEN","YR","A","2011",71.2,
"MEX","LIFEEXP","MEN","YR","A","2012",71.4,
"MEX","LIFEEXP","MEN","YR","A","2013",71.7,
"MEX","LIFEEXP","MEN","YR","A","2014",72.1,
"MEX","LIFEEXP","MEN","YR","A","2015",72.3,
"MEX","LIFEEXP","MEN","YR","A","2016",72.6,
"MEX","LIFEEXP","MEN","YR","A","2017",72.9,
"MEX","LIFEEXP","MEN","YR","A","2018",72.2,"P"
"NLD","LIFEEXP","MEN","YR","A","1960",71.5,
"NLD","LIFEEXP","MEN","YR","A","1961",71.6,
"NLD","LIFEEXP","MEN","YR","A","1962",71.1,
"NLD","LIFEEXP","MEN","YR","A","1963",71,
"NLD","LIFEEXP","MEN","YR","A","1964",71.3,
"NLD","LIFEEXP","MEN","YR","A","1965",71.1,
"NLD","LIFEEXP","MEN","YR","A","1966",71,
"NLD","LIFEEXP","MEN","YR","A","1967",71.2,
"NLD","LIFEEXP","MEN","YR","A","1968",70.9,
"NLD","LIFEEXP","MEN","YR","A","1969",70.9,
"NLD","LIFEEXP","MEN","YR","A","1970",70.8,
"NLD","LIFEEXP","MEN","YR","A","1971",71,
"NLD","LIFEEXP","MEN","YR","A","1972",70.8,
"NLD","LIFEEXP","MEN","YR","A","1973",71.3,
"NLD","LIFEEXP","MEN","YR","A","1974",71.6,
"NLD","LIFEEXP","MEN","YR","A","1975",71.5,
"NLD","LIFEEXP","MEN","YR","A","1976",71.5,
"NLD","LIFEEXP","MEN","YR","A","1977",72.1,
"NLD","LIFEEXP","MEN","YR","A","1978",72,
"NLD","LIFEEXP","MEN","YR","A","1979",72.5,
"NLD","LIFEEXP","MEN","YR","A","1980",72.5,
"NLD","LIFEEXP","MEN","YR","A","1981",72.7,
"NLD","LIFEEXP","MEN","YR","A","1982",72.7,
"NLD","LIFEEXP","MEN","YR","A","1983",72.9,
"NLD","LIFEEXP","MEN","YR","A","1984",73,
"NLD","LIFEEXP","MEN","YR","A","1985",73.1,
"NLD","LIFEEXP","MEN","YR","A","1986",73.1,
"NLD","LIFEEXP","MEN","YR","A","1987",73.5,
"NLD","LIFEEXP","MEN","YR","A","1988",73.7,
"NLD","LIFEEXP","MEN","YR","A","1989",73.7,
"NLD","LIFEEXP","MEN","YR","A","1990",73.8,
"NLD","LIFEEXP","MEN","YR","A","1991",74.1,
"NLD","LIFEEXP","MEN","YR","A","1992",74.3,
"NLD","LIFEEXP","MEN","YR","A","1993",74,
"NLD","LIFEEXP","MEN","YR","A","1994",74.6,
"NLD","LIFEEXP","MEN","YR","A","1995",74.6,
"NLD","LIFEEXP","MEN","YR","A","1996",74.7,
"NLD","LIFEEXP","MEN","YR","A","1997",75.2,
"NLD","LIFEEXP","MEN","YR","A","1998",75.2,
"NLD","LIFEEXP","MEN","YR","A","1999",75.3,
"NLD","LIFEEXP","MEN","YR","A","2000",75.6,
"NLD","LIFEEXP","MEN","YR","A","2001",75.8,
"NLD","LIFEEXP","MEN","YR","A","2002",76,
"NLD","LIFEEXP","MEN","YR","A","2003",76.3,
"NLD","LIFEEXP","MEN","YR","A","2004",76.9,
"NLD","LIFEEXP","MEN","YR","A","2005",77.2,
"NLD","LIFEEXP","MEN","YR","A","2006",77.7,
"NLD","LIFEEXP","MEN","YR","A","2007",78.1,
"NLD","LIFEEXP","MEN","YR","A","2008",78.4,
"NLD","LIFEEXP","MEN","YR","A","2009",78.7,
"NLD","LIFEEXP","MEN","YR","A","2010",78.9,
"NLD","LIFEEXP","MEN","YR","A","2011",79.4,
"NLD","LIFEEXP","MEN","YR","A","2012",79.3,
"NLD","LIFEEXP","MEN","YR","A","2013",79.5,
"NLD","LIFEEXP","MEN","YR","A","2014",80,
"NLD","LIFEEXP","MEN","YR","A","2015",79.9,
"NLD","LIFEEXP","MEN","YR","A","2016",80,
"NLD","LIFEEXP","MEN","YR","A","2017",80.2,
"NZL","LIFEEXP","MEN","YR","A","1961",68.4,
"NZL","LIFEEXP","MEN","YR","A","1962",68.4,
"NZL","LIFEEXP","MEN","YR","A","1963",68.3,
"NZL","LIFEEXP","MEN","YR","A","1964",68.3,
"NZL","LIFEEXP","MEN","YR","A","1965",68.2,
"NZL","LIFEEXP","MEN","YR","A","1966",68.2,
"NZL","LIFEEXP","MEN","YR","A","1967",68.3,
"NZL","LIFEEXP","MEN","YR","A","1968",68.3,
"NZL","LIFEEXP","MEN","YR","A","1969",68.4,
"NZL","LIFEEXP","MEN","YR","A","1970",68.5,
"NZL","LIFEEXP","MEN","YR","A","1971",68.5,
"NZL","LIFEEXP","MEN","YR","A","1972",68.6,
"NZL","LIFEEXP","MEN","YR","A","1973",68.7,
"NZL","LIFEEXP","MEN","YR","A","1974",68.8,
"NZL","LIFEEXP","MEN","YR","A","1975",68.9,
"NZL","LIFEEXP","MEN","YR","A","1976",69,
"NZL","LIFEEXP","MEN","YR","A","1977",69.3,
"NZL","LIFEEXP","MEN","YR","A","1978",69.6,
"NZL","LIFEEXP","MEN","YR","A","1979",69.8,
"NZL","LIFEEXP","MEN","YR","A","1980",70.1,
"NZL","LIFEEXP","MEN","YR","A","1981",70.4,
"NZL","LIFEEXP","MEN","YR","A","1982",70.5,
"NZL","LIFEEXP","MEN","YR","A","1983",70.7,
"NZL","LIFEEXP","MEN","YR","A","1984",70.8,
"NZL","LIFEEXP","MEN","YR","A","1985",71,
"NZL","LIFEEXP","MEN","YR","A","1986",71.1,
"NZL","LIFEEXP","MEN","YR","A","1987",71.5,
"NZL","LIFEEXP","MEN","YR","A","1988",71.8,
"NZL","LIFEEXP","MEN","YR","A","1989",72.2,
"NZL","LIFEEXP","MEN","YR","A","1990",72.5,
"NZL","LIFEEXP","MEN","YR","A","1991",72.9,
"NZL","LIFEEXP","MEN","YR","A","1992",73.2,
"NZL","LIFEEXP","MEN","YR","A","1993",73.5,
"NZL","LIFEEXP","MEN","YR","A","1994",73.8,
"NZL","LIFEEXP","MEN","YR","A","1995",74.1,
"NZL","LIFEEXP","MEN","YR","A","1996",74.4,
"NZL","LIFEEXP","MEN","YR","A","1997",74.8,
"NZL","LIFEEXP","MEN","YR","A","1998",75.2,
"NZL","LIFEEXP","MEN","YR","A","1999",75.6,
"NZL","LIFEEXP","MEN","YR","A","2000",75.9,
"NZL","LIFEEXP","MEN","YR","A","2001",76.3,
"NZL","LIFEEXP","MEN","YR","A","2002",76.7,
"NZL","LIFEEXP","MEN","YR","A","2003",77,
"NZL","LIFEEXP","MEN","YR","A","2004",77.4,
"NZL","LIFEEXP","MEN","YR","A","2005",77.7,
"NZL","LIFEEXP","MEN","YR","A","2006",78,
"NZL","LIFEEXP","MEN","YR","A","2007",78.2,
"NZL","LIFEEXP","MEN","YR","A","2008",78.4,
"NZL","LIFEEXP","MEN","YR","A","2009",78.7,
"NZL","LIFEEXP","MEN","YR","A","2010",78.9,
"NZL","LIFEEXP","MEN","YR","A","2011",79.1,
"NZL","LIFEEXP","MEN","YR","A","2012",79.3,
"NZL","LIFEEXP","MEN","YR","A","2013",79.5,
"NZL","LIFEEXP","MEN","YR","A","2014",79.7,
"NZL","LIFEEXP","MEN","YR","A","2015",79.9,
"NZL","LIFEEXP","MEN","YR","A","2016",80,
"NZL","LIFEEXP","MEN","YR","A","2017",80.2,"P"
"NOR","LIFEEXP","MEN","YR","A","1960",71.6,
"NOR","LIFEEXP","MEN","YR","A","1961",71.4,
"NOR","LIFEEXP","MEN","YR","A","1962",71.2,
"NOR","LIFEEXP","MEN","YR","A","1963",71.1,
"NOR","LIFEEXP","MEN","YR","A","1964",71.5,
"NOR","LIFEEXP","MEN","YR","A","1965",71.3,
"NOR","LIFEEXP","MEN","YR","A","1966",71.6,
"NOR","LIFEEXP","MEN","YR","A","1967",71.5,
"NOR","LIFEEXP","MEN","YR","A","1968",71.4,
"NOR","LIFEEXP","MEN","YR","A","1969",71,
"NOR","LIFEEXP","MEN","YR","A","1970",71.2,
"NOR","LIFEEXP","MEN","YR","A","1971",71.3,
"NOR","LIFEEXP","MEN","YR","A","1972",71.5,
"NOR","LIFEEXP","MEN","YR","A","1973",71.5,
"NOR","LIFEEXP","MEN","YR","A","1974",71.9,
"NOR","LIFEEXP","MEN","YR","A","1975",71.9,
"NOR","LIFEEXP","MEN","YR","A","1976",72.2,
"NOR","LIFEEXP","MEN","YR","A","1977",72.5,
"NOR","LIFEEXP","MEN","YR","A","1978",72.6,
"NOR","LIFEEXP","MEN","YR","A","1979",72.4,
"NOR","LIFEEXP","MEN","YR","A","1980",72.4,
"NOR","LIFEEXP","MEN","YR","A","1981",72.7,
"NOR","LIFEEXP","MEN","YR","A","1982",72.7,
"NOR","LIFEEXP","MEN","YR","A","1983",72.8,
"NOR","LIFEEXP","MEN","YR","A","1984",73,
"NOR","LIFEEXP","MEN","YR","A","1985",72.6,
"NOR","LIFEEXP","MEN","YR","A","1986",72.9,
"NOR","LIFEEXP","MEN","YR","A","1987",72.8,
"NOR","LIFEEXP","MEN","YR","A","1988",73.1,
"NOR","LIFEEXP","MEN","YR","A","1989",73.3,
"NOR","LIFEEXP","MEN","YR","A","1990",73.4,
"NOR","LIFEEXP","MEN","YR","A","1991",74,
"NOR","LIFEEXP","MEN","YR","A","1992",74.2,
"NOR","LIFEEXP","MEN","YR","A","1993",74.2,
"NOR","LIFEEXP","MEN","YR","A","1994",74.9,
"NOR","LIFEEXP","MEN","YR","A","1995",74.8,
"NOR","LIFEEXP","MEN","YR","A","1996",75.4,
"NOR","LIFEEXP","MEN","YR","A","1997",75.5,
"NOR","LIFEEXP","MEN","YR","A","1998",75.6,
"NOR","LIFEEXP","MEN","YR","A","1999",75.6,
"NOR","LIFEEXP","MEN","YR","A","2000",76,
"NOR","LIFEEXP","MEN","YR","A","2001",76.2,
"NOR","LIFEEXP","MEN","YR","A","2002",76.4,
"NOR","LIFEEXP","MEN","YR","A","2003",77.1,
"NOR","LIFEEXP","MEN","YR","A","2004",77.6,
"NOR","LIFEEXP","MEN","YR","A","2005",77.8,
"NOR","LIFEEXP","MEN","YR","A","2006",78.2,
"NOR","LIFEEXP","MEN","YR","A","2007",78.3,
"NOR","LIFEEXP","MEN","YR","A","2008",78.4,
"NOR","LIFEEXP","MEN","YR","A","2009",78.7,
"NOR","LIFEEXP","MEN","YR","A","2010",79,
"NOR","LIFEEXP","MEN","YR","A","2011",79.1,
"NOR","LIFEEXP","MEN","YR","A","2012",79.5,
"NOR","LIFEEXP","MEN","YR","A","2013",79.8,
"NOR","LIFEEXP","MEN","YR","A","2014",80.1,
"NOR","LIFEEXP","MEN","YR","A","2015",80.5,
"NOR","LIFEEXP","MEN","YR","A","2016",80.7,
"NOR","LIFEEXP","MEN","YR","A","2017",81,
"POL","LIFEEXP","MEN","YR","A","1960",64.9,
"POL","LIFEEXP","MEN","YR","A","1961",64.9,
"POL","LIFEEXP","MEN","YR","A","1962",64.5,
"POL","LIFEEXP","MEN","YR","A","1963",65.4,
"POL","LIFEEXP","MEN","YR","A","1964",65.8,
"POL","LIFEEXP","MEN","YR","A","1965",66.6,
"POL","LIFEEXP","MEN","YR","A","1966",66.9,
"POL","LIFEEXP","MEN","YR","A","1967",66.4,
"POL","LIFEEXP","MEN","YR","A","1968",67,
"POL","LIFEEXP","MEN","YR","A","1969",66.5,
"POL","LIFEEXP","MEN","YR","A","1970",66.6,
"POL","LIFEEXP","MEN","YR","A","1971",66.1,
"POL","LIFEEXP","MEN","YR","A","1972",67.3,
"POL","LIFEEXP","MEN","YR","A","1973",67.2,
"POL","LIFEEXP","MEN","YR","A","1974",67.8,
"POL","LIFEEXP","MEN","YR","A","1975",67,
"POL","LIFEEXP","MEN","YR","A","1976",66.9,
"POL","LIFEEXP","MEN","YR","A","1977",66.5,
"POL","LIFEEXP","MEN","YR","A","1978",66.4,
"POL","LIFEEXP","MEN","YR","A","1979",66.8,
"POL","LIFEEXP","MEN","YR","A","1980",66,
"POL","LIFEEXP","MEN","YR","A","1981",67.1,
"POL","LIFEEXP","MEN","YR","A","1982",67.2,
"POL","LIFEEXP","MEN","YR","A","1983",67,
"POL","LIFEEXP","MEN","YR","A","1984",66.8,
"POL","LIFEEXP","MEN","YR","A","1985",66.9,
"POL","LIFEEXP","MEN","YR","A","1986",66.8,
"POL","LIFEEXP","MEN","YR","A","1987",67.8,
"POL","LIFEEXP","MEN","YR","A","1988",67.2,
"POL","LIFEEXP","MEN","YR","A","1989",66.8,
"POL","LIFEEXP","MEN","YR","A","1990",66.3,
"POL","LIFEEXP","MEN","YR","A","1991",65.9,
"POL","LIFEEXP","MEN","YR","A","1992",66.5,
"POL","LIFEEXP","MEN","YR","A","1993",67.2,
"POL","LIFEEXP","MEN","YR","A","1994",67.5,
"POL","LIFEEXP","MEN","YR","A","1995",67.7,
"POL","LIFEEXP","MEN","YR","A","1996",68.1,
"POL","LIFEEXP","MEN","YR","A","1997",68.5,
"POL","LIFEEXP","MEN","YR","A","1998",68.9,
"POL","LIFEEXP","MEN","YR","A","1999",68.8,
"POL","LIFEEXP","MEN","YR","A","2000",69.6,"B"
"POL","LIFEEXP","MEN","YR","A","2001",70,
"POL","LIFEEXP","MEN","YR","A","2002",70.3,
"POL","LIFEEXP","MEN","YR","A","2003",70.5,
"POL","LIFEEXP","MEN","YR","A","2004",70.6,
"POL","LIFEEXP","MEN","YR","A","2005",70.8,
"POL","LIFEEXP","MEN","YR","A","2006",70.9,
"POL","LIFEEXP","MEN","YR","A","2007",71,
"POL","LIFEEXP","MEN","YR","A","2008",71.3,
"POL","LIFEEXP","MEN","YR","A","2009",71.5,"B"
"POL","LIFEEXP","MEN","YR","A","2010",72.2,
"POL","LIFEEXP","MEN","YR","A","2011",72.5,
"POL","LIFEEXP","MEN","YR","A","2012",72.6,
"POL","LIFEEXP","MEN","YR","A","2013",73,
"POL","LIFEEXP","MEN","YR","A","2014",73.7,
"POL","LIFEEXP","MEN","YR","A","2015",73.5,
"POL","LIFEEXP","MEN","YR","A","2016",73.9,
"POL","LIFEEXP","MEN","YR","A","2017",73.9,
"PRT","LIFEEXP","MEN","YR","A","1960",61.1,
"PRT","LIFEEXP","MEN","YR","A","1961",59.9,
"PRT","LIFEEXP","MEN","YR","A","1962",61.2,
"PRT","LIFEEXP","MEN","YR","A","1963",61.8,
"PRT","LIFEEXP","MEN","YR","A","1964",62,
"PRT","LIFEEXP","MEN","YR","A","1965",62.6,
"PRT","LIFEEXP","MEN","YR","A","1966",62,
"PRT","LIFEEXP","MEN","YR","A","1967",62.8,
"PRT","LIFEEXP","MEN","YR","A","1968",63.3,
"PRT","LIFEEXP","MEN","YR","A","1969",62.8,
"PRT","LIFEEXP","MEN","YR","A","1970",63.6,
"PRT","LIFEEXP","MEN","YR","A","1971",63.1,
"PRT","LIFEEXP","MEN","YR","A","1972",65.2,
"PRT","LIFEEXP","MEN","YR","A","1973",64.4,
"PRT","LIFEEXP","MEN","YR","A","1974",64.8,
"PRT","LIFEEXP","MEN","YR","A","1975",64.6,
"PRT","LIFEEXP","MEN","YR","A","1976",65.3,
"PRT","LIFEEXP","MEN","YR","A","1977",66.4,
"PRT","LIFEEXP","MEN","YR","A","1978",67.1,
"PRT","LIFEEXP","MEN","YR","A","1979",67.9,
"PRT","LIFEEXP","MEN","YR","A","1980",67.9,
"PRT","LIFEEXP","MEN","YR","A","1981",68.2,
"PRT","LIFEEXP","MEN","YR","A","1982",69,
"PRT","LIFEEXP","MEN","YR","A","1983",69,
"PRT","LIFEEXP","MEN","YR","A","1984",69.2,
"PRT","LIFEEXP","MEN","YR","A","1985",69.4,
"PRT","LIFEEXP","MEN","YR","A","1986",69.9,
"PRT","LIFEEXP","MEN","YR","A","1987",70.3,
"PRT","LIFEEXP","MEN","YR","A","1988",70.3,
"PRT","LIFEEXP","MEN","YR","A","1989",70.9,
"PRT","LIFEEXP","MEN","YR","A","1990",70.6,
"PRT","LIFEEXP","MEN","YR","A","1991",70.5,
"PRT","LIFEEXP","MEN","YR","A","1992",71,
"PRT","LIFEEXP","MEN","YR","A","1993",71,
"PRT","LIFEEXP","MEN","YR","A","1994",72,
"PRT","LIFEEXP","MEN","YR","A","1995",71.7,
"PRT","LIFEEXP","MEN","YR","A","1996",71.6,
"PRT","LIFEEXP","MEN","YR","A","1997",72.2,
"PRT","LIFEEXP","MEN","YR","A","1998",72.4,
"PRT","LIFEEXP","MEN","YR","A","1999",72.7,
"PRT","LIFEEXP","MEN","YR","A","2000",73.3,
"PRT","LIFEEXP","MEN","YR","A","2001",73.6,
"PRT","LIFEEXP","MEN","YR","A","2002",73.9,
"PRT","LIFEEXP","MEN","YR","A","2003",74.2,
"PRT","LIFEEXP","MEN","YR","A","2004",75,
"PRT","LIFEEXP","MEN","YR","A","2005",74.9,
"PRT","LIFEEXP","MEN","YR","A","2006",75.5,
"PRT","LIFEEXP","MEN","YR","A","2007",75.9,
"PRT","LIFEEXP","MEN","YR","A","2008",76.2,
"PRT","LIFEEXP","MEN","YR","A","2009",76.5,
"PRT","LIFEEXP","MEN","YR","A","2010",76.8,
"PRT","LIFEEXP","MEN","YR","A","2011",77.3,
"PRT","LIFEEXP","MEN","YR","A","2012",77.3,
"PRT","LIFEEXP","MEN","YR","A","2013",77.6,
"PRT","LIFEEXP","MEN","YR","A","2014",78,
"PRT","LIFEEXP","MEN","YR","A","2015",78.1,
"PRT","LIFEEXP","MEN","YR","A","2016",78.1,
"PRT","LIFEEXP","MEN","YR","A","2017",78.4,
"SVK","LIFEEXP","MEN","YR","A","1960",67.9,
"SVK","LIFEEXP","MEN","YR","A","1961",68.6,
"SVK","LIFEEXP","MEN","YR","A","1962",68,
"SVK","LIFEEXP","MEN","YR","A","1963",68.3,
"SVK","LIFEEXP","MEN","YR","A","1964",68.8,
"SVK","LIFEEXP","MEN","YR","A","1965",67.9,
"SVK","LIFEEXP","MEN","YR","A","1966",67.8,
"SVK","LIFEEXP","MEN","YR","A","1967",68.4,
"SVK","LIFEEXP","MEN","YR","A","1968",67.7,
"SVK","LIFEEXP","MEN","YR","A","1969",66.9,
"SVK","LIFEEXP","MEN","YR","A","1970",66.8,
"SVK","LIFEEXP","MEN","YR","A","1971",66.6,
"SVK","LIFEEXP","MEN","YR","A","1972",67,
"SVK","LIFEEXP","MEN","YR","A","1973",66.8,
"SVK","LIFEEXP","MEN","YR","A","1974",66.8,
"SVK","LIFEEXP","MEN","YR","A","1975",66.9,
"SVK","LIFEEXP","MEN","YR","A","1976",67,
"SVK","LIFEEXP","MEN","YR","A","1977",66.8,
"SVK","LIFEEXP","MEN","YR","A","1978",66.9,
"SVK","LIFEEXP","MEN","YR","A","1979",67.2,
"SVK","LIFEEXP","MEN","YR","A","1980",66.7,
"SVK","LIFEEXP","MEN","YR","A","1981",66.8,
"SVK","LIFEEXP","MEN","YR","A","1982",67,
"SVK","LIFEEXP","MEN","YR","A","1983",66.7,
"SVK","LIFEEXP","MEN","YR","A","1984",66.9,
"SVK","LIFEEXP","MEN","YR","A","1985",67,
"SVK","LIFEEXP","MEN","YR","A","1986",67.2,
"SVK","LIFEEXP","MEN","YR","A","1987",67.4,
"SVK","LIFEEXP","MEN","YR","A","1988",67.2,
"SVK","LIFEEXP","MEN","YR","A","1989",67,
"SVK","LIFEEXP","MEN","YR","A","1990",66.7,
"SVK","LIFEEXP","MEN","YR","A","1991",66.9,
"SVK","LIFEEXP","MEN","YR","A","1992",67.1,
"SVK","LIFEEXP","MEN","YR","A","1993",67.8,
"SVK","LIFEEXP","MEN","YR","A","1994",68.3,
"SVK","LIFEEXP","MEN","YR","A","1995",68.4,
"SVK","LIFEEXP","MEN","YR","A","1996",68.8,
"SVK","LIFEEXP","MEN","YR","A","1997",68.9,
"SVK","LIFEEXP","MEN","YR","A","1998",68.6,
"SVK","LIFEEXP","MEN","YR","A","1999",69,
"SVK","LIFEEXP","MEN","YR","A","2000",69.2,
"SVK","LIFEEXP","MEN","YR","A","2001",69.5,
"SVK","LIFEEXP","MEN","YR","A","2002",69.8,
"SVK","LIFEEXP","MEN","YR","A","2003",69.8,
"SVK","LIFEEXP","MEN","YR","A","2004",70.3,
"SVK","LIFEEXP","MEN","YR","A","2005",70.2,
"SVK","LIFEEXP","MEN","YR","A","2006",70.4,
"SVK","LIFEEXP","MEN","YR","A","2007",70.6,
"SVK","LIFEEXP","MEN","YR","A","2008",70.9,
"SVK","LIFEEXP","MEN","YR","A","2009",71.4,
"SVK","LIFEEXP","MEN","YR","A","2010",71.8,
"SVK","LIFEEXP","MEN","YR","A","2011",72.3,
"SVK","LIFEEXP","MEN","YR","A","2012",72.5,
"SVK","LIFEEXP","MEN","YR","A","2013",72.9,
"SVK","LIFEEXP","MEN","YR","A","2014",73.3,
"SVK","LIFEEXP","MEN","YR","A","2015",73.1,
"SVK","LIFEEXP","MEN","YR","A","2016",73.8,
"SVK","LIFEEXP","MEN","YR","A","2017",73.8,
"ESP","LIFEEXP","MEN","YR","A","1960",67.4,
"ESP","LIFEEXP","MEN","YR","A","1970",69.2,
"ESP","LIFEEXP","MEN","YR","A","1975",70.5,
"ESP","LIFEEXP","MEN","YR","A","1976",70.8,
"ESP","LIFEEXP","MEN","YR","A","1977",71.2,
"ESP","LIFEEXP","MEN","YR","A","1978",71.3,
"ESP","LIFEEXP","MEN","YR","A","1979",71.8,
"ESP","LIFEEXP","MEN","YR","A","1980",72.3,
"ESP","LIFEEXP","MEN","YR","A","1981",72.5,
"ESP","LIFEEXP","MEN","YR","A","1982",73.1,
"ESP","LIFEEXP","MEN","YR","A","1983",72.9,
"ESP","LIFEEXP","MEN","YR","A","1984",73.1,
"ESP","LIFEEXP","MEN","YR","A","1985",73.1,
"ESP","LIFEEXP","MEN","YR","A","1986",73.4,
"ESP","LIFEEXP","MEN","YR","A","1987",73.5,
"ESP","LIFEEXP","MEN","YR","A","1988",73.5,
"ESP","LIFEEXP","MEN","YR","A","1989",73.4,
"ESP","LIFEEXP","MEN","YR","A","1990",73.3,
"ESP","LIFEEXP","MEN","YR","A","1991",73.4,
"ESP","LIFEEXP","MEN","YR","A","1992",73.8,
"ESP","LIFEEXP","MEN","YR","A","1993",74,
"ESP","LIFEEXP","MEN","YR","A","1994",74.4,
"ESP","LIFEEXP","MEN","YR","A","1995",74.4,
"ESP","LIFEEXP","MEN","YR","A","1996",74.5,
"ESP","LIFEEXP","MEN","YR","A","1997",75.2,
"ESP","LIFEEXP","MEN","YR","A","1998",75.3,
"ESP","LIFEEXP","MEN","YR","A","1999",75.3,
"ESP","LIFEEXP","MEN","YR","A","2000",75.8,
"ESP","LIFEEXP","MEN","YR","A","2001",76.3,
"ESP","LIFEEXP","MEN","YR","A","2002",76.4,
"ESP","LIFEEXP","MEN","YR","A","2003",76.4,
"ESP","LIFEEXP","MEN","YR","A","2004",77,
"ESP","LIFEEXP","MEN","YR","A","2005",77,
"ESP","LIFEEXP","MEN","YR","A","2006",77.8,
"ESP","LIFEEXP","MEN","YR","A","2007",77.9,
"ESP","LIFEEXP","MEN","YR","A","2008",78.3,
"ESP","LIFEEXP","MEN","YR","A","2009",78.8,
"ESP","LIFEEXP","MEN","YR","A","2010",79.2,
"ESP","LIFEEXP","MEN","YR","A","2011",79.5,
"ESP","LIFEEXP","MEN","YR","A","2012",79.5,
"ESP","LIFEEXP","MEN","YR","A","2013",80.2,
"ESP","LIFEEXP","MEN","YR","A","2014",80.4,
"ESP","LIFEEXP","MEN","YR","A","2015",80.1,
"ESP","LIFEEXP","MEN","YR","A","2016",80.5,
"ESP","LIFEEXP","MEN","YR","A","2017",80.6,
"SWE","LIFEEXP","MEN","YR","A","1960",71.2,
"SWE","LIFEEXP","MEN","YR","A","1961",71.6,
"SWE","LIFEEXP","MEN","YR","A","1962",71.3,
"SWE","LIFEEXP","MEN","YR","A","1963",71.6,
"SWE","LIFEEXP","MEN","YR","A","1964",71.7,
"SWE","LIFEEXP","MEN","YR","A","1965",71.7,
"SWE","LIFEEXP","MEN","YR","A","1966",71.9,
"SWE","LIFEEXP","MEN","YR","A","1967",71.9,
"SWE","LIFEEXP","MEN","YR","A","1968",71.7,
"SWE","LIFEEXP","MEN","YR","A","1969",71.7,
"SWE","LIFEEXP","MEN","YR","A","1970",72.3,
"SWE","LIFEEXP","MEN","YR","A","1971",72,
"SWE","LIFEEXP","MEN","YR","A","1972",72,
"SWE","LIFEEXP","MEN","YR","A","1973",72.2,
"SWE","LIFEEXP","MEN","YR","A","1974",72.2,
"SWE","LIFEEXP","MEN","YR","A","1975",72.2,
"SWE","LIFEEXP","MEN","YR","A","1976",72.2,
"SWE","LIFEEXP","MEN","YR","A","1977",72.4,
"SWE","LIFEEXP","MEN","YR","A","1978",72.5,
"SWE","LIFEEXP","MEN","YR","A","1979",72.5,
"SWE","LIFEEXP","MEN","YR","A","1980",72.8,
"SWE","LIFEEXP","MEN","YR","A","1981",73.1,
"SWE","LIFEEXP","MEN","YR","A","1982",73.5,
"SWE","LIFEEXP","MEN","YR","A","1983",73.6,
"SWE","LIFEEXP","MEN","YR","A","1984",73.9,
"SWE","LIFEEXP","MEN","YR","A","1985",73.8,
"SWE","LIFEEXP","MEN","YR","A","1986",74,
"SWE","LIFEEXP","MEN","YR","A","1987",74.2,
"SWE","LIFEEXP","MEN","YR","A","1988",74.1,
"SWE","LIFEEXP","MEN","YR","A","1989",74.8,
"SWE","LIFEEXP","MEN","YR","A","1990",74.8,
"SWE","LIFEEXP","MEN","YR","A","1991",75,
"SWE","LIFEEXP","MEN","YR","A","1992",75.4,
"SWE","LIFEEXP","MEN","YR","A","1993",75.5,
"SWE","LIFEEXP","MEN","YR","A","1994",76.1,
"SWE","LIFEEXP","MEN","YR","A","1995",76.2,
"SWE","LIFEEXP","MEN","YR","A","1996",76.6,
"SWE","LIFEEXP","MEN","YR","A","1997",76.8,
"SWE","LIFEEXP","MEN","YR","A","1998",76.9,
"SWE","LIFEEXP","MEN","YR","A","1999",77.1,
"SWE","LIFEEXP","MEN","YR","A","2000",77.4,
"SWE","LIFEEXP","MEN","YR","A","2001",77.6,
"SWE","LIFEEXP","MEN","YR","A","2002",77.7,
"SWE","LIFEEXP","MEN","YR","A","2003",78,
"SWE","LIFEEXP","MEN","YR","A","2004",78.4,
"SWE","LIFEEXP","MEN","YR","A","2005",78.5,
"SWE","LIFEEXP","MEN","YR","A","2006",78.8,
"SWE","LIFEEXP","MEN","YR","A","2007",79,
"SWE","LIFEEXP","MEN","YR","A","2008",79.2,
"SWE","LIFEEXP","MEN","YR","A","2009",79.4,
"SWE","LIFEEXP","MEN","YR","A","2010",79.6,
"SWE","LIFEEXP","MEN","YR","A","2011",79.9,
"SWE","LIFEEXP","MEN","YR","A","2012",79.9,
"SWE","LIFEEXP","MEN","YR","A","2013",80.2,
"SWE","LIFEEXP","MEN","YR","A","2014",80.4,
"SWE","LIFEEXP","MEN","YR","A","2015",80.4,
"SWE","LIFEEXP","MEN","YR","A","2016",80.6,
"SWE","LIFEEXP","MEN","YR","A","2017",80.8,
"CHE","LIFEEXP","MEN","YR","A","1960",68.7,
"CHE","LIFEEXP","MEN","YR","A","1961",68.9,
"CHE","LIFEEXP","MEN","YR","A","1962",68.4,
"CHE","LIFEEXP","MEN","YR","A","1963",68.3,
"CHE","LIFEEXP","MEN","YR","A","1964",69.2,
"CHE","LIFEEXP","MEN","YR","A","1965",69.5,
"CHE","LIFEEXP","MEN","YR","A","1966",69.6,
"CHE","LIFEEXP","MEN","YR","A","1967",69.7,
"CHE","LIFEEXP","MEN","YR","A","1968",69.8,
"CHE","LIFEEXP","MEN","YR","A","1969",69.7,
"CHE","LIFEEXP","MEN","YR","A","1970",70,
"CHE","LIFEEXP","MEN","YR","A","1971",70.2,
"CHE","LIFEEXP","MEN","YR","A","1972",70.6,
"CHE","LIFEEXP","MEN","YR","A","1973",71,
"CHE","LIFEEXP","MEN","YR","A","1974",71.2,
"CHE","LIFEEXP","MEN","YR","A","1975",71.5,
"CHE","LIFEEXP","MEN","YR","A","1976",71.6,
"CHE","LIFEEXP","MEN","YR","A","1977",72,
"CHE","LIFEEXP","MEN","YR","A","1978",71.9,
"CHE","LIFEEXP","MEN","YR","A","1979",72.3,
"CHE","LIFEEXP","MEN","YR","A","1980",72.3,
"CHE","LIFEEXP","MEN","YR","A","1981",72.5,
"CHE","LIFEEXP","MEN","YR","A","1982",72.8,
"CHE","LIFEEXP","MEN","YR","A","1983",72.7,
"CHE","LIFEEXP","MEN","YR","A","1984",73.4,
"CHE","LIFEEXP","MEN","YR","A","1985",73.5,
"CHE","LIFEEXP","MEN","YR","A","1986",73.7,
"CHE","LIFEEXP","MEN","YR","A","1987",74,
"CHE","LIFEEXP","MEN","YR","A","1988",73.9,
"CHE","LIFEEXP","MEN","YR","A","1989",74.1,
"CHE","LIFEEXP","MEN","YR","A","1990",74,
"CHE","LIFEEXP","MEN","YR","A","1991",74.2,
"CHE","LIFEEXP","MEN","YR","A","1992",74.5,
"CHE","LIFEEXP","MEN","YR","A","1993",75,
"CHE","LIFEEXP","MEN","YR","A","1994",75.2,
"CHE","LIFEEXP","MEN","YR","A","1995",75.4,
"CHE","LIFEEXP","MEN","YR","A","1996",76,
"CHE","LIFEEXP","MEN","YR","A","1997",76.3,
"CHE","LIFEEXP","MEN","YR","A","1998",76.4,
"CHE","LIFEEXP","MEN","YR","A","1999",76.8,
"CHE","LIFEEXP","MEN","YR","A","2000",77,
"CHE","LIFEEXP","MEN","YR","A","2001",77.5,
"CHE","LIFEEXP","MEN","YR","A","2002",77.9,
"CHE","LIFEEXP","MEN","YR","A","2003",78,
"CHE","LIFEEXP","MEN","YR","A","2004",78.6,
"CHE","LIFEEXP","MEN","YR","A","2005",78.7,
"CHE","LIFEEXP","MEN","YR","A","2006",79.2,
"CHE","LIFEEXP","MEN","YR","A","2007",79.5,
"CHE","LIFEEXP","MEN","YR","A","2008",79.8,
"CHE","LIFEEXP","MEN","YR","A","2009",79.9,
"CHE","LIFEEXP","MEN","YR","A","2010",80.3,
"CHE","LIFEEXP","MEN","YR","A","2011",80.5,"B"
"CHE","LIFEEXP","MEN","YR","A","2012",80.6,
"CHE","LIFEEXP","MEN","YR","A","2013",80.7,
"CHE","LIFEEXP","MEN","YR","A","2014",81.1,
"CHE","LIFEEXP","MEN","YR","A","2015",80.8,
"CHE","LIFEEXP","MEN","YR","A","2016",81.7,
"CHE","LIFEEXP","MEN","YR","A","2017",81.6,
"TUR","LIFEEXP","MEN","YR","A","1960",46.3,
"TUR","LIFEEXP","MEN","YR","A","1961",47,
"TUR","LIFEEXP","MEN","YR","A","1962",47.6,
"TUR","LIFEEXP","MEN","YR","A","1963",48.2,
"TUR","LIFEEXP","MEN","YR","A","1964",48.9,
"TUR","LIFEEXP","MEN","YR","A","1965",49.5,
"TUR","LIFEEXP","MEN","YR","A","1966",50.1,
"TUR","LIFEEXP","MEN","YR","A","1967",50.8,
"TUR","LIFEEXP","MEN","YR","A","1968",51.3,
"TUR","LIFEEXP","MEN","YR","A","1969",51.6,
"TUR","LIFEEXP","MEN","YR","A","1970",52,
"TUR","LIFEEXP","MEN","YR","A","1971",52.4,
"TUR","LIFEEXP","MEN","YR","A","1972",52.8,
"TUR","LIFEEXP","MEN","YR","A","1973",53.2,
"TUR","LIFEEXP","MEN","YR","A","1974",53.5,
"TUR","LIFEEXP","MEN","YR","A","1975",53.9,
"TUR","LIFEEXP","MEN","YR","A","1976",54.2,
"TUR","LIFEEXP","MEN","YR","A","1977",54.6,
"TUR","LIFEEXP","MEN","YR","A","1978",55,
"TUR","LIFEEXP","MEN","YR","A","1979",55.4,
"TUR","LIFEEXP","MEN","YR","A","1980",55.8,
"TUR","LIFEEXP","MEN","YR","A","1981",56.3,
"TUR","LIFEEXP","MEN","YR","A","1982",56.7,
"TUR","LIFEEXP","MEN","YR","A","1983",57.5,
"TUR","LIFEEXP","MEN","YR","A","1984",58.6,
"TUR","LIFEEXP","MEN","YR","A","1985",59.8,
"TUR","LIFEEXP","MEN","YR","A","1986",60.9,
"TUR","LIFEEXP","MEN","YR","A","1987",62.1,
"TUR","LIFEEXP","MEN","YR","A","1988",62.9,
"TUR","LIFEEXP","MEN","YR","A","1989",63.4,
"TUR","LIFEEXP","MEN","YR","A","1990",65.4,"B"
"TUR","LIFEEXP","MEN","YR","A","1991",65.7,
"TUR","LIFEEXP","MEN","YR","A","1992",66.1,
"TUR","LIFEEXP","MEN","YR","A","1993",66.4,
"TUR","LIFEEXP","MEN","YR","A","1994",66.8,
"TUR","LIFEEXP","MEN","YR","A","1995",67.2,
"TUR","LIFEEXP","MEN","YR","A","1996",67.6,
"TUR","LIFEEXP","MEN","YR","A","1997",68,
"TUR","LIFEEXP","MEN","YR","A","1998",68.3,
"TUR","LIFEEXP","MEN","YR","A","1999",68.6,
"TUR","LIFEEXP","MEN","YR","A","2000",69,
"TUR","LIFEEXP","MEN","YR","A","2001",69.4,
"TUR","LIFEEXP","MEN","YR","A","2002",69.8,
"TUR","LIFEEXP","MEN","YR","A","2003",70.2,
"TUR","LIFEEXP","MEN","YR","A","2004",70.6,
"TUR","LIFEEXP","MEN","YR","A","2005",71,
"TUR","LIFEEXP","MEN","YR","A","2006",71.2,
"TUR","LIFEEXP","MEN","YR","A","2007",71.4,
"TUR","LIFEEXP","MEN","YR","A","2008",71.5,
"TUR","LIFEEXP","MEN","YR","A","2009",71.7,
"TUR","LIFEEXP","MEN","YR","A","2010",71.8,
"TUR","LIFEEXP","MEN","YR","A","2011",72,
"TUR","LIFEEXP","MEN","YR","A","2012",72,
"TUR","LIFEEXP","MEN","YR","A","2013",75.3,"B"
"TUR","LIFEEXP","MEN","YR","A","2014",75.3,
"TUR","LIFEEXP","MEN","YR","A","2015",75.3,
"TUR","LIFEEXP","MEN","YR","A","2016",75.3,
"TUR","LIFEEXP","MEN","YR","A","2017",75.3,
"GBR","LIFEEXP","MEN","YR","A","1960",67.9,
"GBR","LIFEEXP","MEN","YR","A","1961",67.8,
"GBR","LIFEEXP","MEN","YR","A","1970",68.7,
"GBR","LIFEEXP","MEN","YR","A","1971",68.8,
"GBR","LIFEEXP","MEN","YR","A","1980",70.2,
"GBR","LIFEEXP","MEN","YR","A","1981",70.8,
"GBR","LIFEEXP","MEN","YR","A","1982",71.1,
"GBR","LIFEEXP","MEN","YR","A","1983",71.3,
"GBR","LIFEEXP","MEN","YR","A","1984",71.6,
"GBR","LIFEEXP","MEN","YR","A","1985",71.7,
"GBR","LIFEEXP","MEN","YR","A","1986",71.9,
"GBR","LIFEEXP","MEN","YR","A","1987",72.3,
"GBR","LIFEEXP","MEN","YR","A","1988",72.4,
"GBR","LIFEEXP","MEN","YR","A","1989",72.6,
"GBR","LIFEEXP","MEN","YR","A","1990",72.9,
"GBR","LIFEEXP","MEN","YR","A","1991",73.1,
"GBR","LIFEEXP","MEN","YR","A","1992",73.6,
"GBR","LIFEEXP","MEN","YR","A","1993",73.5,
"GBR","LIFEEXP","MEN","YR","A","1994",74.1,
"GBR","LIFEEXP","MEN","YR","A","1995",74,
"GBR","LIFEEXP","MEN","YR","A","1996",74.3,
"GBR","LIFEEXP","MEN","YR","A","1997",74.6,
"GBR","LIFEEXP","MEN","YR","A","1998",74.8,
"GBR","LIFEEXP","MEN","YR","A","1999",75,
"GBR","LIFEEXP","MEN","YR","A","2000",75.5,
"GBR","LIFEEXP","MEN","YR","A","2001",75.8,
"GBR","LIFEEXP","MEN","YR","A","2002",76,
"GBR","LIFEEXP","MEN","YR","A","2003",76.2,
"GBR","LIFEEXP","MEN","YR","A","2004",76.8,
"GBR","LIFEEXP","MEN","YR","A","2005",77,
"GBR","LIFEEXP","MEN","YR","A","2006",77.3,
"GBR","LIFEEXP","MEN","YR","A","2007",77.6,
"GBR","LIFEEXP","MEN","YR","A","2008",77.7,
"GBR","LIFEEXP","MEN","YR","A","2009",78.3,
"GBR","LIFEEXP","MEN","YR","A","2010",78.6,
"GBR","LIFEEXP","MEN","YR","A","2011",79,
"GBR","LIFEEXP","MEN","YR","A","2012",79.1,
"GBR","LIFEEXP","MEN","YR","A","2013",79.2,
"GBR","LIFEEXP","MEN","YR","A","2014",79.5,
"GBR","LIFEEXP","MEN","YR","A","2015",79.2,
"GBR","LIFEEXP","MEN","YR","A","2016",79.4,
"GBR","LIFEEXP","MEN","YR","A","2017",79.5,
"USA","LIFEEXP","MEN","YR","A","1960",66.6,
"USA","LIFEEXP","MEN","YR","A","1961",67.1,
"USA","LIFEEXP","MEN","YR","A","1962",66.9,
"USA","LIFEEXP","MEN","YR","A","1963",66.6,
"USA","LIFEEXP","MEN","YR","A","1964",66.8,
"USA","LIFEEXP","MEN","YR","A","1965",66.8,
"USA","LIFEEXP","MEN","YR","A","1966",66.7,
"USA","LIFEEXP","MEN","YR","A","1967",67,
"USA","LIFEEXP","MEN","YR","A","1968",66.6,
"USA","LIFEEXP","MEN","YR","A","1969",66.8,
"USA","LIFEEXP","MEN","YR","A","1970",67.1,
"USA","LIFEEXP","MEN","YR","A","1971",67.4,
"USA","LIFEEXP","MEN","YR","A","1972",67.4,
"USA","LIFEEXP","MEN","YR","A","1973",67.6,
"USA","LIFEEXP","MEN","YR","A","1974",68.2,
"USA","LIFEEXP","MEN","YR","A","1975",68.8,
"USA","LIFEEXP","MEN","YR","A","1976",69.1,
"USA","LIFEEXP","MEN","YR","A","1977",69.5,
"USA","LIFEEXP","MEN","YR","A","1978",69.6,
"USA","LIFEEXP","MEN","YR","A","1979",70,
"USA","LIFEEXP","MEN","YR","A","1980",70,
"USA","LIFEEXP","MEN","YR","A","1981",70.4,
"USA","LIFEEXP","MEN","YR","A","1982",70.8,
"USA","LIFEEXP","MEN","YR","A","1983",71,
"USA","LIFEEXP","MEN","YR","A","1984",71.1,
"USA","LIFEEXP","MEN","YR","A","1985",71.1,
"USA","LIFEEXP","MEN","YR","A","1986",71.2,
"USA","LIFEEXP","MEN","YR","A","1987",71.4,
"USA","LIFEEXP","MEN","YR","A","1988",71.4,
"USA","LIFEEXP","MEN","YR","A","1989",71.7,
"USA","LIFEEXP","MEN","YR","A","1990",71.8,
"USA","LIFEEXP","MEN","YR","A","1991",72,
"USA","LIFEEXP","MEN","YR","A","1992",72.3,
"USA","LIFEEXP","MEN","YR","A","1993",72.2,
"USA","LIFEEXP","MEN","YR","A","1994",72.4,
"USA","LIFEEXP","MEN","YR","A","1995",72.5,
"USA","LIFEEXP","MEN","YR","A","1996",73.1,
"USA","LIFEEXP","MEN","YR","A","1997",73.6,
"USA","LIFEEXP","MEN","YR","A","1998",73.8,
"USA","LIFEEXP","MEN","YR","A","1999",73.9,
"USA","LIFEEXP","MEN","YR","A","2000",74.1,
"USA","LIFEEXP","MEN","YR","A","2001",74.3,
"USA","LIFEEXP","MEN","YR","A","2002",74.4,
"USA","LIFEEXP","MEN","YR","A","2003",74.5,
"USA","LIFEEXP","MEN","YR","A","2004",75,
"USA","LIFEEXP","MEN","YR","A","2005",75,
"USA","LIFEEXP","MEN","YR","A","2006",75.2,
"USA","LIFEEXP","MEN","YR","A","2007",75.5,
"USA","LIFEEXP","MEN","YR","A","2008",75.6,
"USA","LIFEEXP","MEN","YR","A","2009",76,
"USA","LIFEEXP","MEN","YR","A","2010",76.2,
"USA","LIFEEXP","MEN","YR","A","2011",76.3,
"USA","LIFEEXP","MEN","YR","A","2012",76.4,
"USA","LIFEEXP","MEN","YR","A","2013",76.4,
"USA","LIFEEXP","MEN","YR","A","2014",76.5,
"USA","LIFEEXP","MEN","YR","A","2015",76.3,
"USA","LIFEEXP","MEN","YR","A","2016",76.2,
"USA","LIFEEXP","MEN","YR","A","2017",76.1,
"CHL","LIFEEXP","MEN","YR","A","1970",59.1,
"CHL","LIFEEXP","MEN","YR","A","1990",69.4,
"CHL","LIFEEXP","MEN","YR","A","1991",70.6,
"CHL","LIFEEXP","MEN","YR","A","1992",71.4,
"CHL","LIFEEXP","MEN","YR","A","1993",71.3,
"CHL","LIFEEXP","MEN","YR","A","1994",71.7,
"CHL","LIFEEXP","MEN","YR","A","1995",71.5,
"CHL","LIFEEXP","MEN","YR","A","1996",71.8,
"CHL","LIFEEXP","MEN","YR","A","1997",72.4,
"CHL","LIFEEXP","MEN","YR","A","1998",72.6,
"CHL","LIFEEXP","MEN","YR","A","1999",72.9,
"CHL","LIFEEXP","MEN","YR","A","2000",73.7,
"CHL","LIFEEXP","MEN","YR","A","2001",73.6,
"CHL","LIFEEXP","MEN","YR","A","2002",74.1,
"CHL","LIFEEXP","MEN","YR","A","2003",74.2,
"CHL","LIFEEXP","MEN","YR","A","2004",74.2,
"CHL","LIFEEXP","MEN","YR","A","2005",74.7,
"CHL","LIFEEXP","MEN","YR","A","2006",75.1,
"CHL","LIFEEXP","MEN","YR","A","2007",74.6,
"CHL","LIFEEXP","MEN","YR","A","2008",75.2,
"CHL","LIFEEXP","MEN","YR","A","2009",75.3,
"CHL","LIFEEXP","MEN","YR","A","2010",75.2,
"CHL","LIFEEXP","MEN","YR","A","2011",76,
"CHL","LIFEEXP","MEN","YR","A","2012",76.1,
"CHL","LIFEEXP","MEN","YR","A","2013",76.6,
"CHL","LIFEEXP","MEN","YR","A","2014",76.8,
"CHL","LIFEEXP","MEN","YR","A","2015",77.1,
"CHL","LIFEEXP","MEN","YR","A","2016",77.4,
"EST","LIFEEXP","MEN","YR","A","1960",64.7,
"EST","LIFEEXP","MEN","YR","A","1961",65.1,
"EST","LIFEEXP","MEN","YR","A","1962",65.6,
"EST","LIFEEXP","MEN","YR","A","1963",65.4,
"EST","LIFEEXP","MEN","YR","A","1964",66.4,
"EST","LIFEEXP","MEN","YR","A","1965",66.3,
"EST","LIFEEXP","MEN","YR","A","1966",66.3,
"EST","LIFEEXP","MEN","YR","A","1967",66.4,
"EST","LIFEEXP","MEN","YR","A","1968",65.9,
"EST","LIFEEXP","MEN","YR","A","1969",65.3,
"EST","LIFEEXP","MEN","YR","A","1970",65.5,
"EST","LIFEEXP","MEN","YR","A","1971",65.7,
"EST","LIFEEXP","MEN","YR","A","1972",65.5,
"EST","LIFEEXP","MEN","YR","A","1973",66.1,
"EST","LIFEEXP","MEN","YR","A","1974",65.9,
"EST","LIFEEXP","MEN","YR","A","1975",65,
"EST","LIFEEXP","MEN","YR","A","1976",64.6,
"EST","LIFEEXP","MEN","YR","A","1977",64.7,
"EST","LIFEEXP","MEN","YR","A","1978",64.3,
"EST","LIFEEXP","MEN","YR","A","1979",64.1,
"EST","LIFEEXP","MEN","YR","A","1980",64.2,
"EST","LIFEEXP","MEN","YR","A","1981",64.1,
"EST","LIFEEXP","MEN","YR","A","1982",64.6,
"EST","LIFEEXP","MEN","YR","A","1983",64.4,
"EST","LIFEEXP","MEN","YR","A","1984",64.6,
"EST","LIFEEXP","MEN","YR","A","1985",64.6,
"EST","LIFEEXP","MEN","YR","A","1986",66.2,
"EST","LIFEEXP","MEN","YR","A","1987",66.3,
"EST","LIFEEXP","MEN","YR","A","1988",66.5,
"EST","LIFEEXP","MEN","YR","A","1989",65.7,
"EST","LIFEEXP","MEN","YR","A","1990",64.7,
"EST","LIFEEXP","MEN","YR","A","1991",64.4,
"EST","LIFEEXP","MEN","YR","A","1992",63.4,
"EST","LIFEEXP","MEN","YR","A","1993",62.3,
"EST","LIFEEXP","MEN","YR","A","1994",60.6,
"EST","LIFEEXP","MEN","YR","A","1995",61.4,
"EST","LIFEEXP","MEN","YR","A","1996",64.2,
"EST","LIFEEXP","MEN","YR","A","1997",64.2,
"EST","LIFEEXP","MEN","YR","A","1998",63.9,
"EST","LIFEEXP","MEN","YR","A","1999",65,
"EST","LIFEEXP","MEN","YR","A","2000",65.6,
"EST","LIFEEXP","MEN","YR","A","2001",65.2,
"EST","LIFEEXP","MEN","YR","A","2002",65.6,
"EST","LIFEEXP","MEN","YR","A","2003",66.4,
"EST","LIFEEXP","MEN","YR","A","2004",66.7,
"EST","LIFEEXP","MEN","YR","A","2005",67.6,
"EST","LIFEEXP","MEN","YR","A","2006",67.6,
"EST","LIFEEXP","MEN","YR","A","2007",67.5,
"EST","LIFEEXP","MEN","YR","A","2008",68.9,
"EST","LIFEEXP","MEN","YR","A","2009",70,
"EST","LIFEEXP","MEN","YR","A","2010",70.9,
"EST","LIFEEXP","MEN","YR","A","2011",71.4,
"EST","LIFEEXP","MEN","YR","A","2012",71.4,
"EST","LIFEEXP","MEN","YR","A","2013",72.8,
"EST","LIFEEXP","MEN","YR","A","2014",72.4,
"EST","LIFEEXP","MEN","YR","A","2015",73.2,
"EST","LIFEEXP","MEN","YR","A","2016",73.3,
"EST","LIFEEXP","MEN","YR","A","2017",73.8,
"ISR","LIFEEXP","MEN","YR","A","1971",70.1,
"ISR","LIFEEXP","MEN","YR","A","1972",70.1,
"ISR","LIFEEXP","MEN","YR","A","1973",70.2,
"ISR","LIFEEXP","MEN","YR","A","1974",70.1,
"ISR","LIFEEXP","MEN","YR","A","1975",70.3,
"ISR","LIFEEXP","MEN","YR","A","1976",71.2,
"ISR","LIFEEXP","MEN","YR","A","1977",71.3,
"ISR","LIFEEXP","MEN","YR","A","1978",71.5,
"ISR","LIFEEXP","MEN","YR","A","1979",71.8,
"ISR","LIFEEXP","MEN","YR","A","1980",72.1,
"ISR","LIFEEXP","MEN","YR","A","1981",72.7,
"ISR","LIFEEXP","MEN","YR","A","1982",72.5,
"ISR","LIFEEXP","MEN","YR","A","1983",72.8,
"ISR","LIFEEXP","MEN","YR","A","1984",73.1,
"ISR","LIFEEXP","MEN","YR","A","1985",73.5,
"ISR","LIFEEXP","MEN","YR","A","1986",73.2,
"ISR","LIFEEXP","MEN","YR","A","1987",73.6,
"ISR","LIFEEXP","MEN","YR","A","1988",73.9,
"ISR","LIFEEXP","MEN","YR","A","1989",74.6,
"ISR","LIFEEXP","MEN","YR","A","1990",74.9,
"ISR","LIFEEXP","MEN","YR","A","1991",75.1,
"ISR","LIFEEXP","MEN","YR","A","1992",74.7,
"ISR","LIFEEXP","MEN","YR","A","1993",75.3,
"ISR","LIFEEXP","MEN","YR","A","1994",75.5,
"ISR","LIFEEXP","MEN","YR","A","1995",75.5,
"ISR","LIFEEXP","MEN","YR","A","1996",76.3,
"ISR","LIFEEXP","MEN","YR","A","1997",76,
"ISR","LIFEEXP","MEN","YR","A","1998",76.1,
"ISR","LIFEEXP","MEN","YR","A","1999",76.6,
"ISR","LIFEEXP","MEN","YR","A","2000",76.7,
"ISR","LIFEEXP","MEN","YR","A","2001",77.3,
"ISR","LIFEEXP","MEN","YR","A","2002",77.5,
"ISR","LIFEEXP","MEN","YR","A","2003",77.6,
"ISR","LIFEEXP","MEN","YR","A","2004",78,
"ISR","LIFEEXP","MEN","YR","A","2005",78.2,
"ISR","LIFEEXP","MEN","YR","A","2006",78.7,
"ISR","LIFEEXP","MEN","YR","A","2007",78.7,
"ISR","LIFEEXP","MEN","YR","A","2008",79,
"ISR","LIFEEXP","MEN","YR","A","2009",79.6,"B"
"ISR","LIFEEXP","MEN","YR","A","2010",79.7,
"ISR","LIFEEXP","MEN","YR","A","2011",79.9,
"ISR","LIFEEXP","MEN","YR","A","2012",79.9,
"ISR","LIFEEXP","MEN","YR","A","2013",80.3,
"ISR","LIFEEXP","MEN","YR","A","2014",80.3,
"ISR","LIFEEXP","MEN","YR","A","2015",80.1,
"ISR","LIFEEXP","MEN","YR","A","2016",80.7,
"ISR","LIFEEXP","MEN","YR","A","2017",80.6,
"SVN","LIFEEXP","MEN","YR","A","1970",65,
"SVN","LIFEEXP","MEN","YR","A","1982",67,
"SVN","LIFEEXP","MEN","YR","A","1983",66.9,
"SVN","LIFEEXP","MEN","YR","A","1984",67.3,
"SVN","LIFEEXP","MEN","YR","A","1985",67.7,
"SVN","LIFEEXP","MEN","YR","A","1986",68.4,
"SVN","LIFEEXP","MEN","YR","A","1987",68.2,
"SVN","LIFEEXP","MEN","YR","A","1988",68.9,
"SVN","LIFEEXP","MEN","YR","A","1989",69.3,
"SVN","LIFEEXP","MEN","YR","A","1990",69.8,
"SVN","LIFEEXP","MEN","YR","A","1991",69.5,
"SVN","LIFEEXP","MEN","YR","A","1992",69.6,
"SVN","LIFEEXP","MEN","YR","A","1993",69.4,
"SVN","LIFEEXP","MEN","YR","A","1994",70.1,
"SVN","LIFEEXP","MEN","YR","A","1995",70.8,
"SVN","LIFEEXP","MEN","YR","A","1996",71.1,
"SVN","LIFEEXP","MEN","YR","A","1997",71.1,
"SVN","LIFEEXP","MEN","YR","A","1998",71.3,
"SVN","LIFEEXP","MEN","YR","A","1999",71.8,
"SVN","LIFEEXP","MEN","YR","A","2000",72.2,
"SVN","LIFEEXP","MEN","YR","A","2001",72.3,
"SVN","LIFEEXP","MEN","YR","A","2002",72.6,
"SVN","LIFEEXP","MEN","YR","A","2003",72.5,
"SVN","LIFEEXP","MEN","YR","A","2004",73.5,
"SVN","LIFEEXP","MEN","YR","A","2005",73.9,
"SVN","LIFEEXP","MEN","YR","A","2006",74.5,
"SVN","LIFEEXP","MEN","YR","A","2007",74.6,
"SVN","LIFEEXP","MEN","YR","A","2008",75.5,"B"
"SVN","LIFEEXP","MEN","YR","A","2009",75.9,
"SVN","LIFEEXP","MEN","YR","A","2010",76.4,
"SVN","LIFEEXP","MEN","YR","A","2011",76.8,
"SVN","LIFEEXP","MEN","YR","A","2012",77.1,
"SVN","LIFEEXP","MEN","YR","A","2013",77.2,
"SVN","LIFEEXP","MEN","YR","A","2014",78.2,
"SVN","LIFEEXP","MEN","YR","A","2015",77.8,
"SVN","LIFEEXP","MEN","YR","A","2016",78.2,
"SVN","LIFEEXP","MEN","YR","A","2017",78.2,
"LVA","LIFEEXP","MEN","YR","A","2002",64.4,
"LVA","LIFEEXP","MEN","YR","A","2003",65.3,
"LVA","LIFEEXP","MEN","YR","A","2004",65.6,
"LVA","LIFEEXP","MEN","YR","A","2005",64.9,
"LVA","LIFEEXP","MEN","YR","A","2006",65,
"LVA","LIFEEXP","MEN","YR","A","2007",65.3,
"LVA","LIFEEXP","MEN","YR","A","2008",66.5,
"LVA","LIFEEXP","MEN","YR","A","2009",67.5,
"LVA","LIFEEXP","MEN","YR","A","2010",67.9,
"LVA","LIFEEXP","MEN","YR","A","2011",68.6,
"LVA","LIFEEXP","MEN","YR","A","2012",68.9,
"LVA","LIFEEXP","MEN","YR","A","2013",69.3,
"LVA","LIFEEXP","MEN","YR","A","2014",69.1,
"LVA","LIFEEXP","MEN","YR","A","2015",69.7,
"LVA","LIFEEXP","MEN","YR","A","2016",69.8,
"LVA","LIFEEXP","MEN","YR","A","2017",69.8,
"LTU","LIFEEXP","MEN","YR","A","1970",66.8,
"LTU","LIFEEXP","MEN","YR","A","1971",67.6,
"LTU","LIFEEXP","MEN","YR","A","1972",66.9,
"LTU","LIFEEXP","MEN","YR","A","1973",67.3,
"LTU","LIFEEXP","MEN","YR","A","1974",67.1,
"LTU","LIFEEXP","MEN","YR","A","1975",66.4,
"LTU","LIFEEXP","MEN","YR","A","1976",66.3,
"LTU","LIFEEXP","MEN","YR","A","1977",66.2,
"LTU","LIFEEXP","MEN","YR","A","1978",66,
"LTU","LIFEEXP","MEN","YR","A","1979",65.5,
"LTU","LIFEEXP","MEN","YR","A","1980",65.4,
"LTU","LIFEEXP","MEN","YR","A","1981",65.3,
"LTU","LIFEEXP","MEN","YR","A","1982",65.7,
"LTU","LIFEEXP","MEN","YR","A","1983",65.7,
"LTU","LIFEEXP","MEN","YR","A","1984",65.1,
"LTU","LIFEEXP","MEN","YR","A","1985",65.6,
"LTU","LIFEEXP","MEN","YR","A","1986",67.8,
"LTU","LIFEEXP","MEN","YR","A","1987",67.6,
"LTU","LIFEEXP","MEN","YR","A","1988",67.4,
"LTU","LIFEEXP","MEN","YR","A","1989",66.9,
"LTU","LIFEEXP","MEN","YR","A","1990",66.4,
"LTU","LIFEEXP","MEN","YR","A","1991",65.1,
"LTU","LIFEEXP","MEN","YR","A","1992",64.8,
"LTU","LIFEEXP","MEN","YR","A","1993",63.1,
"LTU","LIFEEXP","MEN","YR","A","1994",62.5,
"LTU","LIFEEXP","MEN","YR","A","1995",63.3,
"LTU","LIFEEXP","MEN","YR","A","1996",64.6,
"LTU","LIFEEXP","MEN","YR","A","1997",65.5,
"LTU","LIFEEXP","MEN","YR","A","1998",66,
"LTU","LIFEEXP","MEN","YR","A","1999",66.3,
"LTU","LIFEEXP","MEN","YR","A","2000",66.7,
"LTU","LIFEEXP","MEN","YR","A","2001",65.9,
"LTU","LIFEEXP","MEN","YR","A","2002",66.1,
"LTU","LIFEEXP","MEN","YR","A","2003",66.4,
"LTU","LIFEEXP","MEN","YR","A","2004",66.2,
"LTU","LIFEEXP","MEN","YR","A","2005",65.2,
"LTU","LIFEEXP","MEN","YR","A","2006",65,
"LTU","LIFEEXP","MEN","YR","A","2007",64.5,
"LTU","LIFEEXP","MEN","YR","A","2008",65.9,
"LTU","LIFEEXP","MEN","YR","A","2009",67.1,
"LTU","LIFEEXP","MEN","YR","A","2010",67.6,
"LTU","LIFEEXP","MEN","YR","A","2011",68.1,
"LTU","LIFEEXP","MEN","YR","A","2012",68.4,
"LTU","LIFEEXP","MEN","YR","A","2013",68.5,
"LTU","LIFEEXP","MEN","YR","A","2014",69.2,
"LTU","LIFEEXP","MEN","YR","A","2015",69.2,
"LTU","LIFEEXP","MEN","YR","A","2016",69.5,
"LTU","LIFEEXP","MEN","YR","A","2017",70.7,
